Timestamp,Open,High,Low,Close,Volume,Date,SMA,EMA,RSI,DEMA,TEMA,WMA,MOM,MA
1672963200000,1251.25,1276.7,1236.0,1269.14,342344.2023,2023-01-06,,,,,,,,
1673049600000,1269.13,1271.09,1261.3,1264.07,129474.2884,2023-01-07,,,,,,,,
1673136000000,1264.06,1296.0,1257.77,1290.16,213636.7848,2023-01-08,1274.4566666666667,1274.4566666666667,,,,1277.96,,1274.4566666666667
1673222400000,1290.15,1344.91,1285.44,1320.39,581727.6968,2023-01-09,1291.54,1297.4233333333334,91.74132594885138,,,1300.9266666666667,51.25,1291.54
1673308800000,1320.4,1347.69,1316.8,1335.62,459660.2307,2023-01-10,1315.39,1316.5216666666665,93.98112423576877,1336.9094444444443,,1322.9666666666667,71.54999999999995,1315.39
1673395200000,1335.63,1398.0,1321.04,1389.39,472465.9556,2023-01-11,1348.466666666667,1352.9558333333334,97.52945046109608,1381.3668055555559,,1359.9666666666667,99.23000000000002,1348.466666666667
1673481600000,1389.4,1438.0,1361.92,1415.92,877712.4492,2023-01-12,1380.3100000000002,1384.4379166666668,98.27993469180038,1414.3844444444446,1414.8962962962962,1393.6933333333334,95.52999999999997,1380.3100000000002
1673568000000,1415.91,1464.0,1401.03,1451.2,499377.8649,2023-01-13,1418.8366666666668,1417.8189583333333,98.92893640956032,1449.4827430555556,1450.5972974537035,1429.1383333333333,115.58000000000015,1418.8366666666668
1673654400000,1451.21,1599.98,1449.14,1549.9,940691.7774,2023-01-14,1472.3400000000001,1483.8594791666667,99.58539964826433,1532.7116319444444,1541.8630931712964,1494.67,160.51,1472.3400000000001
1673740800000,1549.91,1566.66,1516.03,1552.52,387832.7138,2023-01-15,1517.8733333333337,1518.1897395833334,99.59527673177976,1559.7809461805557,1560.7262037037044,1534.7600000000002,136.5999999999999,1517.8733333333337
1673827200000,1552.52,1604.5,1521.31,1576.94,574622.8953,2023-01-16,1559.7866666666669,1547.5648697916668,99.69639744239545,1583.0480381944444,1580.466647858796,1564.2933333333337,125.74000000000001,1559.7866666666669
1673913600000,1576.94,1609.0,1541.15,1565.57,506771.7219,2023-01-17,1565.0100000000002,1556.5674348958332,84.88433441740293,1578.8103016493053,1570.899455656829,1567.1850000000004,15.669999999999845,1565.0100000000002
1674000000000,1565.56,1610.0,1501.39,1511.43,752534.8857,2023-01-18,1551.3133333333335,1533.9987174479165,41.182589254940815,1533.835792100694,1518.6774730541088,1540.3950000000004,-41.08999999999992,1551.3133333333335
1674086400000,1511.44,1564.43,1509.15,1551.09,308679.4645,2023-01-19,1542.6966666666667,1542.5443587239583,62.434129350704794,1546.735716688368,1541.3336988208912,1540.283333333334,-25.850000000000136,1542.6966666666667
1674172800000,1551.09,1669.9,1542.02,1658.52,440570.9974,2023-01-20,1573.6800000000003,1600.5321793619792,84.77929128551061,1631.6217686631944,1642.3698753978592,1598.1950000000008,92.95000000000005,1573.6800000000003
1674259200000,1658.53,1679.26,1616.21,1626.66,494248.6009,2023-01-21,1612.0900000000001,1613.5960896809897,67.04002445304305,1635.6728394911026,1636.5404731128833,1624.6850000000013,115.23000000000002,1612.0900000000001
1674345600000,1626.65,1663.89,1604.0,1627.44,431729.6909,2023-01-22,1637.5400000000002,1620.518044840495,67.2913568675087,1635.017397325304,1631.6625154735423,1632.3600000000015,76.35000000000014,1637.5400000000002
1674432000000,1627.43,1648.09,1585.29,1626.29,407267.1156,2023-01-23,1626.796666666667,1623.4040224202474,66.1753866443212,1632.0966874525284,1627.5159028003845,1626.7350000000017,-32.23000000000002,1626.796666666667
1674518400000,1626.28,1641.46,1535.0,1555.97,462275.3243,2023-01-24,1603.2333333333338,1589.6870112101237,26.248330601690878,1577.1748381212024,1564.282026734528,1591.3216666666685,-70.69000000000005,1603.2333333333338
1674604800000,1555.97,1641.0,1518.0,1611.94,646474.9166,2023-01-25,1598.0666666666673,1600.813505605062,57.12963709531018,1600.1206662580703,1599.5839274356986,1595.6750000000018,-15.5,1598.0666666666673
1674691200000,1611.95,1632.84,1577.43,1601.09,532777.8466,2023-01-26,1589.6666666666672,1600.9517528025308,50.9287666237919,1600.6744567277694,1600.613858952699,1597.1866666666683,-25.200000000000045,1589.6666666666672
1674777600000,1601.08,1621.0,1552.54,1597.62,512093.3875,2023-01-27,1603.5500000000004,1599.2858764012653,48.40818376503368,1598.3142901632518,1597.9368461940903,1601.163333333335,41.649999999999864,1603.5500000000004
1674864000000,1597.61,1606.83,1555.99,1572.1,313675.6574,2023-01-28,1590.2700000000004,1585.6929382006326,31.31220611938127,1578.4106759813094,1575.066616006074,1585.4383333333353,-39.840000000000146,1590.2700000000004
1674950400000,1572.1,1660.0,1566.33,1644.72,551767.9134,2023-01-29,1604.8133333333337,1615.2064691003163,72.60647977356098,1626.3221034404964,1633.8490217326303,1612.6633333333357,43.63000000000011,1604.8133333333337
1675036800000,1644.73,1647.53,1535.0,1566.2,595055.3281,2023-01-30,1594.3400000000004,1590.7032345501582,36.76189895217328,1584.009434445169,1578.8681763686504,1593.3566666666695,-31.419999999999845,1594.3400000000004
1675123200000,1566.21,1605.18,1561.63,1585.33,348856.6751,2023-01-31,1598.7500000000007,1588.0166172750792,46.42725699249383,1583.326408585045,1581.7575752542632,1588.8516666666699,13.230000000000018,1598.7500000000007
1675209600000,1585.32,1647.77,1555.18,1641.68,474617.1709,2023-02-01,1597.7366666666674,1614.8483086375395,68.02237379454293,1625.9190499737526,1633.0151083214853,1610.31666666667,-3.0399999999999636,1597.7366666666674
1675296000000,1641.67,1714.68,1626.85,1643.12,629188.8874,2023-02-02,1623.3766666666672,1628.9841543187697,68.50895858277435,1641.5874478274914,1645.9017530876122,1633.0083333333369,76.91999999999985,1623.3766666666672
1675382400000,1643.12,1676.0,1625.93,1663.52,464815.032,2023-02-03,1649.4400000000005,1646.252077159385,76.20352121204876,1661.1876853340534,1664.5109952970874,1653.0800000000036,78.19000000000005,1649.4400000000005
1675468800000,1663.52,1695.29,1645.43,1666.38,308227.1295,2023-02-04,1657.6733333333339,1656.3160385796925,77.3665100978814,1668.8158233771805,1669.259566670107,1661.550000000004,24.700000000000045,1657.6733333333339
1675555200000,1666.39,1673.81,1609.3,1629.02,413579.6748,2023-02-05,1652.973333333334,1642.6680192898461,39.52062067690832,1642.093902043667,1635.778822668297,1647.2233333333377,-14.099999999999909,1652.973333333334
1675641600000,1629.01,1658.56,1605.01,1614.29,384119.4197,2023-02-06,1636.5633333333342,1628.479009644923,30.65270344241558,1621.097446199372,1614.536183412001,1627.8816666666714,-49.23000000000002,1636.5633333333342
1675728000000,1614.28,1678.37,1613.14,1671.03,451922.4,2023-02-07,1638.113333333334,1649.7545048224615,69.80317511378946,1656.7014706884552,1660.585103950541,1645.1150000000052,4.649999999999864,1638.113333333334
1675814400000,1671.03,1697.91,1630.47,1650.43,417966.2539,2023-02-08,1645.2500000000007,1650.0922524112307,53.38873013180465,1653.734609138612,1654.0241212003493,1651.2733333333392,21.410000000000082,1645.2500000000007
1675900800000,1650.42,1656.17,1524.4,1545.35,658011.6964,2023-02-09,1622.2700000000004,1597.7211262056153,19.07241024596418,1573.3567414664983,1559.4981267641174,1601.3233333333399,-68.94000000000005,1622.2700000000004
1675987200000,1545.35,1555.01,1490.0,1513.06,484654.2199,2023-02-10,1569.613333333334,1555.3905631028076,14.713279916739609,1522.0430891818453,1510.6222372397324,1546.7183333333403,-157.97000000000003,1569.613333333334
1676073600000,1513.05,1543.0,1505.0,1538.51,289691.5708,2023-02-11,1532.3066666666673,1546.9502815514038,32.85633167252741,1526.0564038152206,1526.5727759365532,1531.166666666674,-111.92000000000007,1532.3066666666673
1676160000000,1538.5,1548.02,1493.08,1514.83,286758.374,2023-02-12,1522.133333333334,1530.8901407757019,25.33446228324508,1512.4131315197592,1513.879751820546,1522.4283333333412,-30.519999999999982,1522.133333333334
1676246400000,1514.82,1526.1,1461.93,1505.24,643152.3904,2023-02-13,1519.5266666666673,1518.065070387851,22.24134786759134,1502.4140305659541,1504.5603254333705,1513.981666666675,-7.819999999999936,1519.5266666666673
1676332800000,1505.25,1569.0,1482.66,1555.71,668964.3768,2023-02-14,1525.2600000000004,1536.8875351939255,60.404135030975034,1538.4732476860145,1548.164771276715,1532.0733333333421,17.200000000000045,1525.2600000000004
1676419200000,1555.7,1680.0,1542.55,1674.92,581207.8586,2023-02-15,1578.623333333334,1605.9037675969628,85.54288417155918,1641.2047400445258,1662.9081318176131,1606.9033333333427,160.09000000000015,1578.623333333334
1676505600000,1674.92,1742.97,1633.72,1637.84,832723.6731,2023-02-16,1622.823333333334,1621.8718837984813,65.99418734020979,1647.506428123022,1653.5249099480543,1636.5116666666763,132.5999999999999,1622.823333333334
1676592000000,1637.83,1722.0,1630.51,1693.87,579934.663,2023-02-17,1668.8766666666672,1657.8709418992407,77.59786205555845,1688.6877431118908,1694.2881124684618,1672.0350000000099,138.15999999999985,1668.8766666666672
1676678400000,1693.81,1713.13,1679.77,1691.62,267305.7813,2023-02-18,1674.4433333333338,1674.7454709496203,76.03504074173483,1698.5911360811351,1697.9057527188531,1683.4066666666768,16.699999999999818,1674.4433333333338
1676764800000,1691.62,1726.59,1666.14,1679.75,401023.0477,2023-02-19,1688.4133333333339,1677.2477354748103,65.58280871928834,1690.4217003031627,1684.743158470441,1686.0600000000104,41.91000000000008,1688.4133333333339
1676851200000,1679.74,1719.89,1650.56,1703.27,451314.8335,2023-02-20,1691.546666666667,1690.2588677374051,75.56597215020405,1703.3514162828787,1700.4714372250783,1693.488333333344,9.400000000000091,1691.546666666667
1676937600000,1703.27,1716.66,1636.3,1659.76,520354.4688,2023-02-21,1680.9266666666672,1675.0094338687027,41.86738829385759,1673.9309912070883,1665.4055060746432,1677.595000000011,-31.8599999999999,1680.9266666666672
1677024000000,1659.77,1666.95,1595.07,1643.14,528875.4809,2023-02-22,1668.723333333334,1659.0747169343513,33.34675068971571,1650.5681371363685,1642.5913260019627,1658.7016666666777,-36.6099999999999,1668.723333333334
1677110400000,1643.15,1679.0,1628.75,1650.53,501305.9717,2023-02-23,1651.143333333334,1654.8023584671755,41.31282101823956,1648.4128893345962,1645.483039100095,1649.6050000000112,-52.74000000000001,1651.143333333334
1677196800000,1650.52,1664.66,1575.64,1607.8,512515.4982,2023-02-24,1633.823333333334,1631.3011792335878,20.285397877504213,1616.3558550505045,1610.6130024080019,1627.9333333333445,-51.960000000000036,1633.823333333334
1677283200000,1607.8,1608.98,1557.33,1594.58,290188.0391,2023-02-25,1617.6366666666672,1612.9405896167939,16.409398590920752,1596.2876327168551,1592.5623900371766,1608.311666666678,-48.56000000000017,1617.6366666666672
1677369600000,1594.58,1651.26,1587.76,1641.36,308607.9941,2023-02-26,1614.5800000000006,1627.150294808397,58.49918900013476,1625.9286689542291,1631.781713137275,1620.173333333345,-9.170000000000073,1614.5800000000006
1677456000000,1641.37,1665.22,1608.0,1633.45,431861.4129,2023-02-27,1623.1300000000003,1630.3001474041985,51.8742934854375,1631.2642607750154,1635.2836524790312,1629.6083333333454,25.65000000000009,1623.1300000000003
1677542400000,1633.45,1647.52,1596.66,1605.23,393523.1647,2023-02-28,1626.6800000000003,1617.7650737020992,32.29951169383164,1611.9795935364582,1610.6144926202373,1620.6583333333458,10.650000000000091,1626.6800000000003
1677628800000,1605.24,1669.72,1595.0,1665.22,474456.8235,2023-03-01,1634.633333333334,1641.4925368510496,69.2725201006872,1650.4635283427042,1657.159213713242,1639.9283333333462,23.860000000000127,1634.633333333334
1677715200000,1665.23,1677.86,1619.18,1647.86,423023.8082,2023-03-02,1639.4366666666672,1644.6762684255248,55.997782734683774,1650.7536299585895,1652.6546576645633,1646.54166666668,14.409999999999854,1639.4366666666672
1677801600000,1647.86,1649.25,1544.39,1569.45,742816.5976,2023-03-03,1627.5100000000004,1607.0631342127624,24.364779439696214,1591.2952478729135,1581.323137789443,1611.548333333347,-35.77999999999997,1627.5100000000004
1677888000000,1569.45,1577.53,1549.12,1566.73,237640.2606,2023-03-04,1594.6800000000003,1586.896567106381,23.66905194397224,1568.929340383266,1562.8436151498972,1581.1583333333476,-98.49000000000001,1594.6800000000003
1677974400000,1566.74,1588.77,1553.05,1564.58,299240.7415,2023-03-05,1566.9200000000003,1575.7382835531905,22.893951032538816,1561.1755284150377,1559.834901590834,1566.1083333333481,-83.27999999999997,1566.9200000000003
1678060800000,1564.57,1583.49,1554.44,1565.84,307709.3011,2023-03-06,1565.7166666666672,1570.7891417765952,25.051514551033023,1561.033193319221,1562.7662832475085,1565.5683333333484,-3.6100000000001273,1565.7166666666672
1678147200000,1565.84,1584.49,1536.14,1561.96,437947.9032,2023-03-07,1564.126666666667,1566.3745708882975,22.184223309046953,1559.2893112154616,1561.491200571874,1563.6900000000157,-4.769999999999982,1564.126666666667
1678233600000,1561.95,1570.89,1523.61,1532.38,460101.7658,2023-03-08,1553.3933333333337,1549.3772854441488,9.608272429859603,1537.3360128856566,1535.9589511210347,1547.8166666666827,-32.19999999999982,1553.3933333333337
1678320000000,1532.38,1546.45,1408.0,1437.32,718485.1364,2023-03-09,1510.5533333333335,1493.3486427220744,2.5741003990846925,1459.313685081791,1447.628311658585,1489.7800000000163,-128.51999999999998,1510.5533333333335
1678406400000,1437.32,1439.43,1368.39,1426.44,960262.4509,2023-03-10,1465.3800000000003,1459.8943213610373,2.286693035722825,1426.149681860377,1420.4521542185853,1447.7233333333504,-135.51999999999998,1465.3800000000003
1678492800000,1426.43,1478.07,1408.4,1471.97,1374859.6201,2023-03-11,1445.2433333333338,1465.9321606805188,42.55070934463359,1452.0787605899295,1459.1756164740693,1451.018333333351,-60.41000000000008,1445.2433333333338
1678579200000,1471.93,1594.19,1448.3,1580.33,1002355.0929,2023-03-12,1492.9133333333339,1523.1310803402594,76.75101489313218,1544.803840124835,1566.1153480044873,1518.5616666666847,143.01,1492.9133333333339
1678665600000,1580.33,1693.49,1565.0,1673.45,1228063.6053,2023-03-13,1575.2500000000007,1598.2905401701296,86.8455094567871,1646.7066499773525,1670.7340789285017,1608.8300000000188,247.01,1575.2500000000007
1678752000000,1673.44,1780.02,1655.24,1699.4,1283321.2355,2023-03-14,1651.0600000000006,1648.8452700850648,88.86623875034549,1698.330689946144,1710.8790594486472,1670.9050000000195,227.43000000000006,1651.0600000000006
1678838400000,1699.41,1716.9,1611.0,1649.96,963142.4833,2023-03-15,1674.2700000000007,1649.4026350425324,61.75546731390945,1674.4240274518058,1668.4661984771546,1670.3550000000203,69.63000000000011,1674.2700000000007
1678924800000,1649.95,1691.42,1632.18,1673.73,627985.6119,2023-03-16,1674.363333333334,1661.5663175212662,68.65233965858556,1680.1588549652697,1673.9655129953085,1670.085000000021,0.2799999999999727,1674.363333333334
1679011200000,1673.73,1800.0,1662.65,1789.27,907528.2825,2023-03-17,1704.3200000000006,1725.418158760633,86.45803532452324,1766.6403481023183,1774.8585030661793,1727.538333333355,89.86999999999989,1704.3200000000006
1679097600000,1789.26,1841.0,1747.47,1758.84,711614.731,2023-03-18,1740.613333333334,1742.1290793803164,70.61281783996114,1771.0956343610005,1769.07689466243,1754.798333333356,108.87999999999988,1740.613333333334
1679184000000,1758.84,1841.36,1757.92,1780.68,541131.8908,2023-03-19,1776.263333333334,1761.4045396901583,75.45552799898533,1785.5255473354214,1782.093403818426,1774.83166666669,106.95000000000005,1776.263333333334
1679270400000,1780.67,1803.05,1722.0,1732.78,682848.1248,2023-03-20,1757.433333333334,1747.092269845079,48.929372291272564,1751.996638745171,1740.6722476140874,1753.090000000024,-56.49000000000001,1757.433333333334
1679356800000,1732.77,1835.0,1717.01,1801.23,742348.4999,2023-03-21,1771.5633333333342,1774.1611349225395,70.87587539412705,1790.1477519113157,1790.0266803901159,1774.9883333333582,42.3900000000001,1771.5633333333342
1679443200000,1801.23,1819.98,1710.12,1734.33,891287.6009,2023-03-22,1756.113333333334,1754.2455674612697,43.48222850462487,1752.2810922250228,1743.2450103519109,1756.3716666666924,-46.350000000000136,1756.113333333334
1679529600000,1734.34,1857.16,1729.35,1813.79,732061.103,2023-03-23,1783.1166666666675,1784.0177837306348,66.52974518925825,1797.921654247194,1801.3377861870422,1785.2100000000264,81.00999999999999,1783.1166666666675
1679616000000,1813.78,1818.99,1726.4,1749.57,564770.1417,2023-03-24,1765.8966666666674,1766.7938918653174,44.52026284822963,1765.1338811909382,1759.0600065653932,1768.4366666666938,-51.66000000000008,1765.8966666666674
1679702400000,1749.57,1763.23,1713.09,1741.88,355679.3743,2023-03-25,1768.413333333334,1754.3369459326586,42.023195046785105,1747.2784676291396,1741.5422965017972,1756.4283333333613,7.550000000000182,1768.413333333334
1679788800000,1741.88,1801.0,1739.31,1773.88,354933.2372,2023-03-26,1755.1100000000008,1764.1084729663294,57.05728158358675,1765.4649973314054,1766.804413102032,1759.1616666666953,-39.909999999999854,1755.1100000000008
1679875200000,1773.88,1780.48,1686.13,1715.22,570563.5023,2023-03-27,1743.660000000001,1739.6642364831646,33.30786636258671,1728.1203804241202,1722.3398980973734,1739.2166666666963,-34.34999999999991,1743.660000000001
1679961600000,1715.21,1795.73,1701.13,1772.99,536511.3973,2023-03-28,1754.0300000000009,1756.3271182415824,58.70160284414872,1758.886631091269,1763.0480743822604,1753.8816666666971,31.1099999999999,1754.0300000000009
1680048000000,1773.0,1827.99,1772.48,1793.07,536865.5972,2023-03-29,1760.4266666666674,1774.6985591207913,65.54217538720822,1785.164035985239,1791.1977396381155,1773.4016666666978,19.189999999999827,1760.4266666666674
1680134400000,1793.06,1829.69,1763.0,1793.61,579690.0394,2023-03-30,1786.5566666666673,1784.1542795603955,65.770880720182,1794.1148782124214,1796.8792909326485,1789.9933333333654,78.38999999999987,1786.5566666666673
1680220800000,1793.6,1847.28,1777.91,1821.52,554525.4762,2023-03-31,1802.7333333333343,1802.8371397801977,77.40013056975408,1817.1588692161117,1820.7216409681696,1807.4750000000329,48.52999999999997,1802.7333333333343
1680307200000,1821.52,1842.83,1807.81,1820.79,272904.9674,2023-04-01,1811.9733333333343,1811.8135698900987,76.38200507243094,1823.4626496630062,1823.9077107075318,1816.5033333333668,27.720000000000027,1811.9733333333343
1680393600000,1820.8,1824.81,1771.7,1794.51,322122.9385,2023-04-02,1812.2733333333344,1803.1617849450495,44.65951019520386,1804.6604323589786,1799.8077467017526,1807.7716666667009,0.900000000000091,1812.2733333333344
1680480000000,1794.51,1839.99,1762.77,1810.51,628503.6619,2023-04-03,1808.6033333333344,1806.8358924725248,59.87731858372831,1809.422269943227,1807.5397921429994,1806.8900000000347,-11.009999999999991,1808.6033333333344
1680566400000,1810.51,1891.91,1802.01,1870.37,622208.6411,2023-04-04,1825.130000000001,1838.6029462362624,84.22343188022087,1855.7796618534821,1862.133592026628,1837.7733333333683,49.57999999999993,1825.130000000001
1680652800000,1870.38,1942.98,1864.58,1908.69,548595.5155,2023-04-05,1863.1900000000012,1873.6464731181313,90.03165082026094,1899.7565943676757,1907.4002622704108,1879.553333333369,114.18000000000006,1863.1900000000012
1680739200000,1908.68,1909.91,1853.7,1872.41,396241.4352,2023-04-06,1883.8233333333344,1873.0282365590656,59.121135499916555,1885.7741789043048,1882.9139234035197,1884.1633333333696,61.90000000000009,1883.8233333333344
1680825600000,1872.41,1882.61,1841.46,1863.72,284256.4873,2023-04-07,1881.6066666666677,1868.374118279533,52.62910204404041,1872.4200303123862,1866.6398874058007,1874.1116666667037,-6.649999999999864,1881.6066666666677
1680912000000,1863.73,1879.38,1847.0,1848.82,197905.5407,2023-04-08,1861.6500000000012,1858.5970591397663,41.038890878762025,1855.7314855863096,1849.3856713398618,1857.7183333333712,-59.87000000000012,1861.6500000000012
1680998400000,1848.82,1873.99,1824.01,1858.92,287131.3079,2023-04-09,1857.1533333333346,1858.7585295698832,51.825987602371356,1857.4064780082133,1854.9903318808829,1856.353333333372,-13.490000000000009,1857.1533333333346
1681084800000,1858.91,1918.79,1846.4,1910.2,434739.7984,2023-04-10,1872.6466666666677,1884.4792647849417,79.87163121671875,1896.6636066116362,1902.2237302421531,1882.8766666667061,46.48000000000002,1872.6466666666677
1681171200000,1910.21,1937.37,1881.11,1889.86,405203.4892,2023-04-11,1886.3266666666677,1887.1696323924707,59.32345721374948,1894.6069871095824,1895.0135553700495,1891.4833333333736,41.039999999999964,1886.3266666666677
1681257600000,1889.86,1933.0,1852.65,1917.39,630844.4186,2023-04-12,1905.8166666666677,1902.2798161962355,73.27970034510237,1913.5535854566738,1915.6750768585712,1907.0150000000413,58.47000000000003,1905.8166666666677
1681344000000,1917.4,2023.0,1899.55,2012.01,676164.5188,2023-04-13,1939.7533333333347,1957.1449080981179,90.34969696674747,1990.2143386792782,2002.1729150405868,1960.1116666667087,101.80999999999995,1939.7533333333347
1681430400000,2012.0,2128.76,2009.22,2099.99,896307.3934,2023-04-14,2009.796666666668,2028.5674540490588,94.8967566919724,2080.8134423151096,2096.38100933821,2040.2300000000425,210.12999999999988,2009.796666666668
1681516800000,2099.99,2111.85,2071.13,2090.6,321823.7851,2023-04-15,2067.5333333333347,2059.5837270245293,88.2404928760394,2101.21485764529,2103.6912123341945,2080.63166666671,173.2099999999998,2067.5333333333347
1681603200000,2090.61,2141.54,2072.72,2118.67,319880.4393,2023-04-16,2103.086666666668,2089.1268635122647,91.05413854363151,2124.7139970665125,2122.9301758777074,2106.200000000044,106.66000000000008,2103.086666666668
1681689600000,2118.66,2120.51,2056.25,2074.0,426972.7071,2023-04-17,2094.4233333333345,2081.5634317561326,57.95406361883176,2095.5752826551907,2083.895730733194,2091.656666666711,-25.98999999999978,2094.4233333333345
1681776000000,2073.99,2125.0,2051.0,2103.5,414244.6135,2023-04-18,2098.7233333333347,2092.5317158780663,69.08620912340209,2105.021783388562,2098.421115733283,2096.1950000000447,12.900000000000091,2098.7233333333347
1681862400000,2103.51,2104.6,1923.03,1933.73,775389.0602,2023-04-19,2037.0766666666677,2013.1308579390331,21.027480550902958,1979.6754627247647,1953.4023975347427,2013.698333333379,-184.94000000000005,2037.0766666666677
1681948800000,1933.74,1982.99,1914.43,1942.98,625336.2495,2023-04-20,1993.4033333333343,1978.0554289695165,25.27577284098545,1943.7900168776239,1930.2484758438004,1966.6500000000462,-131.01999999999998,1993.4033333333343
1682035200000,1942.98,1957.27,1825.0,1848.78,688876.6186,2023-04-21,1908.4966666666676,1913.417714484758,13.874459254775395,1863.9661511964327,1849.6023050813044,1894.3383333333804,-254.72000000000003,1908.4966666666676
1682121600000,1848.77,1887.31,1841.64,1874.16,331007.5879,2023-04-22,1888.640000000001,1893.788857242379,27.1541312518006,1859.2486469770267,1859.5224004309496,1877.170000000048,-59.569999999999936,1888.640000000001
1682208000000,1874.17,1882.01,1836.37,1862.0,344514.3444,2023-04-23,1861.6466666666674,1877.8944286211895,24.445288640724755,1852.6771091779187,1857.475431315921,1863.8500000000488,-80.98000000000002,1861.6466666666674
1682294400000,1862.01,1890.0,1806.0,1841.84,447864.0517,2023-04-24,1859.3333333333342,1859.8672143105946,19.58627678310963,1838.2449474336618,1842.4416347858323,1853.9466666667165,-6.940000000000055,1859.3333333333342
1682380800000,1841.84,1877.86,1801.66,1866.1,457870.6047,2023-04-25,1856.6466666666674,1862.9836071552972,40.819752656736384,1853.7306701391822,1862.0136787456756,1857.3300000000502,-8.060000000000173,1856.6466666666674
1682467200000,1866.1,1964.72,1785.0,1866.01,897709.7298,2023-04-26,1857.9833333333343,1864.4968035776487,40.759860963955276,1860.626933280767,1867.4599709436302,1862.0116666667175,4.009999999999991,1857.9833333333343
1682553600000,1866.01,1940.96,1861.19,1908.68,727472.9466,2023-04-27,1880.2633333333342,1886.5884017888243,71.00960637819578,1895.6992657459712,1905.6061517044177,1887.3600000000515,66.84000000000015,1880.2633333333342
1682640000000,1908.68,1923.88,1873.94,1890.94,387630.7791,2023-04-28,1888.5433333333342,1888.7642008944122,53.85879954097462,1894.4075324257797,1897.6272091921137,1892.6983333333856,24.840000000000146,1888.5433333333342
1682726400000,1890.93,1918.0,1883.05,1907.8,182046.1406,2023-04-29,1902.4733333333343,1898.2821004472062,65.67693021255417,1905.862715989287,1908.4411963778107,1902.3266666667196,41.789999999999964,1902.4733333333343
1682812800000,1907.79,1939.0,1866.16,1870.09,355336.4888,2023-04-30,1889.6100000000008,1884.1860502236032,35.32327179995668,1880.928332882842,1876.798406635682,1886.1350000000537,-38.590000000000146,1889.6100000000008
1682899200000,1870.08,1886.49,1806.12,1830.73,445519.1779,2023-05-01,1869.5400000000009,1857.4580251118016,20.494100636299784,1842.46515388552,1834.5326138191804,1856.6950000000543,-60.210000000000036,1869.5400000000009
1682985600000,1830.73,1881.87,1822.94,1870.08,373753.2027,2023-05-02,1856.9666666666674,1863.7690125559006,51.210192836018685,1859.4280706648094,1860.7877652992347,1856.965000000055,-37.72000000000003,1856.9666666666674
1683072000000,1870.09,1916.52,1842.64,1905.12,465185.2501,2023-05-03,1868.643333333334,1884.4445062779503,67.81744418900657,1892.6117821934295,1899.5457384139274,1881.0416666667224,35.02999999999997,1868.643333333334
1683158400000,1905.12,1918.26,1866.71,1877.07,354528.6144,2023-05-04,1884.0900000000008,1880.757253138975,48.14109089973738,1882.9972645272271,1883.5006103738622,1885.2550000000567,46.33999999999992,1884.0900000000008
1683244800000,1877.07,1998.36,1875.65,1993.3,546608.875,2023-05-05,1925.163333333334,1937.0286265694876,81.5010881797669,1966.28431897887,1980.043832412753,1939.8600000000577,123.22000000000003,1925.163333333334
1683331200000,1993.3,2019.0,1860.0,1896.33,608106.9915,2023-05-06,1922.2333333333343,1916.6793132847438,45.152161467411595,1921.132502847063,1915.6110081404736,1925.4433333333916,-8.789999999999964,1922.2333333333343
1683417600000,1896.33,1933.33,1867.59,1870.4,413268.8357,2023-05-07,1920.010000000001,1893.539656642372,38.300592186141294,1884.1964231023458,1874.5374641978785,1899.5266666667258,-6.669999999999845,1920.010000000001
1683504000000,1870.41,1883.97,1810.73,1847.56,625316.6168,2023-05-08,1871.430000000001,1870.549828321186,31.904088044640293,1854.3832973905799,1846.1421692430563,1863.3016666667265,-145.74,1871.430000000001
1683590400000,1847.55,1861.88,1830.99,1846.52,304396.186,2023-05-09,1854.8266666666677,1858.534914160593,31.54426734789321,1844.4441916149935,1841.361531733735,1850.8466666667275,-49.809999999999945,1854.8266666666677
1683676800000,1846.53,1887.47,1790.51,1840.84,639933.3855,2023-05-10,1844.9733333333343,1849.6874570802966,28.87626009730167,1838.2183672673486,1837.9878536930446,1843.853333333395,-29.560000000000173,1844.9733333333343
1683763200000,1840.83,1842.02,1772.68,1794.3,522096.0725,2023-05-11,1827.220000000001,1821.9937285401484,14.158310765454965,1802.4123193636003,1798.2409028946481,1818.5166666667292,-53.25999999999999,1827.220000000001
1683849600000,1794.31,1818.63,1740.0,1807.45,565539.8309,2023-05-12,1814.1966666666676,1814.721864270074,29.407754105311117,1801.2952275467628,1802.286905538906,1808.63166666673,-39.069999999999936,1814.1966666666676
1683936000000,1807.45,1817.03,1785.23,1795.11,212895.4373,2023-05-13,1798.953333333334,1804.915932135037,23.525158876377,1793.299647705863,1794.7006628490026,1799.0883333333977,-45.73000000000002,1798.953333333334
1684022400000,1795.12,1824.0,1789.82,1799.21,218101.0977,2023-05-14,1800.5900000000008,1802.0629660675186,30.45804344683613,1794.8283408191724,1797.7196779811559,1799.216666666732,4.910000000000082,1800.5900000000008
1684108800000,1799.2,1846.7,1785.05,1816.2,388171.9261,2023-05-15,1803.5066666666673,1809.1314830337592,55.521696907675235,1809.0484288927064,1814.0698830273445,1807.021666666733,8.75,1803.5066666666673
1684195200000,1816.21,1832.64,1796.2,1824.21,311238.6786,2023-05-16,1813.2066666666676,1816.6707415168796,64.55560115474385,1820.3988436879135,1824.815148911276,1817.3733333334005,29.100000000000136,1813.2066666666676
1684281600000,1824.21,1837.5,1783.68,1822.12,352097.9913,2023-05-17,1820.8433333333342,1819.3953707584396,59.801743757780315,1822.6217364647366,1824.5790208440499,1821.8300000000681,22.909999999999854,1820.8433333333342
1684368000000,1822.12,1831.92,1771.12,1800.56,293755.311,2023-05-18,1815.630000000001,1809.9776853792198,27.951557992088016,1806.8820255427584,1804.6996549610353,1811.6883333334026,-15.6400000000001,1815.630000000001
1684454400000,1800.56,1829.54,1796.81,1812.32,243116.4676,2023-05-19,1811.6666666666677,1811.1488426896099,49.818623860945074,1810.186591426574,1810.1621104224255,1810.0333333334036,-11.8900000000001,1811.6666666666677
1684540800000,1812.31,1828.87,1807.06,1819.42,127754.4349,2023-05-20,1810.7666666666676,1815.284421344805,60.63767059241296,1816.8710850408847,1818.133302018368,1813.910000000071,-2.699999999999818,1810.7666666666676
1684627200000,1819.42,1828.98,1797.21,1804.91,161517.8053,2023-05-21,1812.2166666666678,1810.0972106724025,36.508555247955385,1808.2969371842412,1807.2345770808631,1810.9816666667386,4.350000000000136,1812.2166666666678
1684713600000,1804.91,1828.27,1792.01,1817.35,237498.9423,2023-05-22,1813.8933333333346,1813.7236053362012,58.00087717231448,1814.6366659240198,1815.4621529103206,1813.5483333334062,5.029999999999973,1813.8933333333346
1684800000000,1817.36,1872.5,1815.24,1854.05,396869.6097,2023-05-23,1825.436666666668,1833.8868026681007,83.1867438465565,1844.4249316279597,1849.6502093071301,1833.6266666667404,34.62999999999988,1825.436666666668
1684886400000,1854.06,1854.09,1777.6,1799.89,420846.1445,2023-05-24,1823.763333333335,1816.8884013340503,35.741470783719414,1813.6582651469546,1809.3867714130627,1820.8533333334078,-5.019999999999982,1823.763333333335
1684972800000,1799.89,1818.81,1761.41,1805.6,350633.0089,2023-05-25,1819.8466666666682,1811.244200667025,41.057822588056666,1806.8070322399647,1804.0677692530357,1811.7716666667418,-11.75,1819.8466666666682
1685059200000,1805.61,1838.2,1796.99,1827.79,275690.6854,2023-05-26,1811.0933333333348,1819.5171003335126,60.235348104028915,1821.4349659532263,1823.2428514831493,1815.743333333409,-26.25999999999999,1811.0933333333348
1685145600000,1827.8,1836.12,1812.18,1829.89,138824.9406,2023-05-27,1821.0933333333348,1824.7035501667565,61.99087511539929,1828.2557078932352,1829.97679671158,1825.141666666743,30.0,1821.0933333333348
1685232000000,1829.89,1918.65,1823.6,1908.64,378392.4371,2023-05-28,1855.4400000000014,1866.6717750833782,89.08825081508343,1889.4319664049285,1899.8965276116373,1868.9150000000773,103.04000000000019,1855.4400000000014
1685318400000,1908.64,1927.62,1873.65,1892.6,313593.4942,2023-05-29,1877.0433333333349,1879.635887541689,73.15427561333897,1897.4980394316196,1900.2813003191636,1887.4950000000779,64.80999999999995,1877.0433333333349
1685404800000,1892.6,1917.0,1881.19,1900.59,272665.8402,2023-05-30,1900.6100000000015,1890.1129437708446,76.31900979349793,1904.2825478303876,1903.8279043589662,1899.2683333334116,70.69999999999982,1900.6100000000015
1685491200000,1900.58,1907.13,1846.95,1873.63,319255.5681,2023-05-31,1888.9400000000014,1881.8714718854224,47.799180204392435,1884.8355379724826,1879.0054472505294,1885.7783333334125,-35.00999999999999,1888.9400000000014
1685577600000,1873.63,1889.2,1840.0,1861.78,270496.6097,2023-06-01,1878.666666666668,1871.8257359427112,38.3504336510223,1868.2849010148857,1862.1174051464661,1872.198333333413,-30.819999999999936,1878.666666666668
1685664000000,1861.78,1910.0,1847.51,1906.68,313004.0658,2023-06-02,1880.6966666666683,1889.2528679713555,70.96794348831975,1896.196016521765,1898.3542603266721,1886.2050000000806,6.0900000000001455,1880.6966666666683
1685750400000,1906.69,1907.92,1881.6,1892.06,148818.2427,2023-06-03,1886.8400000000013,1890.6564339856777,56.39482969346922,1894.8297912680437,1894.524017536476,1891.886666666748,18.429999999999836,1886.8400000000013
1685836800000,1892.05,1914.63,1884.22,1890.01,172683.0119,2023-06-04,1896.2500000000016,1890.333216992839,54.05995507750416,1892.2582871376026,1890.9812567030176,1893.4716666667484,28.230000000000018,1896.2500000000016
1685923200000,1890.0,1890.63,1778.0,1810.5,555361.2683,2023-06-05,1864.1900000000014,1850.4166084964195,15.859386968442198,1831.4208393205915,1820.3219044430025,1850.5966666667491,-96.18000000000006,1864.1900000000014
1686009600000,1810.49,1898.29,1797.18,1884.64,491407.2174,2023-06-06,1861.716666666668,1867.5283042482097,57.68346265203333,1866.586267536191,1870.063666329301,1860.8216666667497,-7.419999999999845,1861.716666666668
1686096000000,1884.65,1897.8,1821.18,1832.13,429196.7064,2023-06-07,1842.4233333333348,1849.829152124105,37.74893110866541,1840.5085577060431,1838.057978249578,1846.0283333334173,-57.87999999999988,1842.4233333333348
1686182400000,1832.12,1861.28,1828.31,1845.64,189270.4853,2023-06-08,1854.1366666666681,1847.7345760620524,45.0743803988467,1842.0269908219952,1842.608205682765,1847.6366666667516,35.1400000000001,1854.1366666666681
1686268800000,1845.65,1855.0,1827.0,1840.37,198324.3252,2023-06-09,1839.3800000000012,1844.0522880310261,42.170725172701104,1839.3573513954843,1840.1542831281258,1840.7533333334188,-44.27000000000021,1839.3800000000012
1686355200000,1840.37,1844.99,1715.03,1751.53,652324.6695,2023-06-10,1812.5133333333345,1797.791144015513,16.040975444247387,1772.3131036899856,1762.3200177113135,1796.8283333334196,-80.60000000000014,1812.5133333333345
1686441600000,1751.52,1778.25,1738.72,1752.76,219956.2434,2023-06-11,1781.5533333333344,1775.2755720077566,17.10763670639803,1751.2787658411148,1747.0228399312223,1766.951666666754,-92.88000000000011,1781.5533333333344
1686528000000,1752.77,1759.33,1720.0,1742.57,302132.4819,2023-06-12,1748.9533333333345,1758.9227860038782,14.775000674258976,1738.747989918618,1738.5310320043623,1747.460000000088,-97.79999999999995,1748.9533333333345
1686614400000,1742.57,1770.13,1724.22,1740.12,284268.0018,2023-06-13,1745.1500000000012,1749.521393001939,14.082500487111451,1734.7332984583395,1737.3181702720426,1743.0433333334222,-11.410000000000082,1745.1500000000012
1686700800000,1740.12,1750.03,1630.43,1650.95,415847.327,2023-06-14,1711.2133333333343,1700.2356965009694,3.95709251331381,1668.1988009786849,1660.8668363961938,1695.943333333423,-101.80999999999995,1711.2133333333343
1686787200000,1650.95,1680.91,1626.01,1666.96,370774.7696,2023-06-15,1686.0100000000011,1683.5978482504847,19.537839342999742,1659.2604763641002,1659.4442558908042,1673.8166666667573,-75.6099999999999,1686.0100000000011
1686873600000,1666.96,1729.5,1649.86,1717.92,311734.5904,2023-06-16,1678.6100000000013,1700.7589241252424,54.657840370747955,1697.1707761194289,1707.6372778230661,1689.7716666667582,-22.199999999999818,1678.6100000000013
1686960000000,1717.91,1770.0,1714.26,1727.76,210914.9216,2023-06-17,1704.2133333333347,1714.2594620626212,59.74670817708435,1719.2156570284037,1728.7210793660201,1714.346666666759,76.80999999999995,1704.2133333333347
1687046400000,1727.75,1747.84,1712.0,1720.95,156535.0128,2023-06-18,1722.2100000000012,1717.6047310313106,53.512034810782104,1721.7554629985466,1726.105442668082,1722.715000000093,53.99000000000001,1722.2100000000012
1687132800000,1720.95,1752.19,1698.0,1737.11,245162.7589,2023-06-19,1728.6066666666677,1727.3573655156551,66.10273506517954,1734.3090487414454,1737.8845142054897,1730.1650000000936,19.189999999999827,1728.6066666666677
1687219200000,1737.1,1796.99,1714.72,1791.99,328855.6846,2023-06-20,1750.0166666666676,1759.6736827578275,85.75544110462943,1779.3076829918086,1787.4365742279253,1761.8566666667612,64.23000000000002,1750.0166666666676
1687305600000,1791.99,1901.0,1787.38,1889.11,613755.8869,2023-06-21,1806.0700000000008,1824.3918413789138,94.38973561775909,1866.5679208064475,1881.903406021282,1831.403333333429,168.15999999999985,1806.0700000000008
1687392000000,1889.1,1933.17,1865.98,1872.01,416714.5719,2023-06-22,1851.0366666666678,1848.2009206894568,81.3643469343789,1881.1935000584951,1884.2694926366653,1864.3733333334296,134.9000000000001,1851.0366666666678
1687478400000,1872.0,1936.42,1861.01,1892.63,401147.9324,2023-06-23,1884.5833333333346,1870.4154603447284,85.08674062184855,1898.0190198568835,1896.862506217527,1885.1700000000972,100.6400000000001,1884.5833333333346
1687564800000,1892.63,1906.0,1864.77,1874.96,226910.2941,2023-06-24,1879.866666666668,1872.6877301723644,67.70358877270795,1887.6256448422598,1880.7145656014513,1880.3583333334311,-14.149999999999864,1879.866666666668
1687651200000,1874.95,1930.0,1868.83,1898.8,338757.6158,2023-06-25,1888.796666666668,1885.7438650861823,77.15072259275937,1899.740889878039,1895.8149053186153,1889.8250000000983,26.789999999999964,1888.796666666668
1687737600000,1898.8,1909.1,1837.18,1858.97,458743.861,2023-06-26,1877.576666666668,1872.3569325430913,44.516983199469216,1872.6619786674742,1863.8529970540264,1874.9116666667658,-33.66000000000008,1877.576666666668
1687824000000,1858.97,1912.53,1855.19,1889.58,366634.5707,2023-06-27,1882.4500000000014,1880.9684662715456,62.70320937045359,1885.426756197964,1883.098887292258,1880.913333333433,14.61999999999989,1882.4500000000014
1687910400000,1889.58,1890.19,1816.56,1828.02,337836.5792,2023-06-28,1858.8566666666677,1854.494233135773,31.528140608460113,1843.4862615310958,1834.589196312695,1853.6983333334338,-70.77999999999997,1858.8566666666677
1687996800000,1828.03,1880.0,1827.84,1851.99,241844.8281,2023-06-29,1856.5300000000009,1853.2421165678866,46.93699008959754,1847.1120724816049,1845.1025036316028,1850.2650000001013,-6.980000000000018,1856.5300000000009
1688083200000,1851.99,1948.6,1825.01,1933.79,716538.1035,2023-06-30,1871.2666666666676,1893.5160582839433,75.34192471948074,1910.5880070988308,1921.1842191244136,1888.8950000001023,44.210000000000036,1871.2666666666676
1688169600000,1933.8,1944.56,1909.44,1924.5,178373.3688,2023-07-01,1903.4266666666674,1909.0080291419717,69.0455405736069,1925.2899889784298,1930.1931005020074,1915.5116666667698,96.48000000000002,1903.4266666666674
1688256000000,1924.5,1959.2,1885.75,1937.48,255852.7832,2023-07-02,1931.923333333334,1923.2440145709859,73.65909307622324,1938.5029872037221,1940.4430493636492,1932.5383333334373,85.49000000000001,1931.923333333334
1688342400000,1937.49,1976.16,1933.55,1955.54,322102.4295,2023-07-03,1939.173333333334,1939.392007285493,79.90872076132443,1955.0954899591147,1956.2877760595213,1944.3466666667712,21.75,1939.173333333334
1688428800000,1955.55,1967.08,1931.58,1936.2,205525.0984,2023-07-04,1943.073333333334,1937.7960036427467,57.858219395722735,1944.8497431581843,1941.1210146292954,1942.8600000001054,11.700000000000045,1943.073333333334
1688515200000,1936.19,1942.5,1894.51,1910.36,267633.4783,2023-07-05,1934.033333333334,1924.0780018213732,37.25496732989792,1920.7458706684051,1913.688571069757,1926.5033333334395,-27.12000000000012,1934.033333333334
1688601600000,1910.35,1958.0,1846.0,1846.17,456362.741,2023-07-06,1897.5766666666675,1885.1240009106866,16.010586488749286,1863.9809348788594,1851.5468176401057,1882.5716666667738,-109.36999999999989,1897.5766666666675
1688688000000,1846.17,1878.0,1826.0,1870.91,232944.3466,2023-07-07,1875.8133333333342,1878.0170004553434,36.83453811462458,1863.8919672117581,1861.183924986502,1869.2383333334412,-65.28999999999996,1875.8133333333342
1688774400000,1870.92,1876.0,1842.8,1865.24,125819.8273,2023-07-08,1860.7733333333342,1871.6285002276718,33.941560790419864,1861.3717334920434,1861.9518456333935,1863.9516666667757,-45.11999999999989,1860.7733333333342
1688860800000,1865.24,1879.36,1856.15,1862.8,135046.3743,2023-07-09,1866.3166666666675,1867.214250113836,32.303832405913276,1859.878741689104,1861.6294269152277,1864.96500000011,16.62999999999988,1866.3166666666675
1688947200000,1862.81,1905.5,1846.63,1880.4,247868.1494,2023-07-10,1869.4800000000007,1873.807125056918,55.523456899502754,1873.435808316093,1877.7932467711084,1872.0066666667774,9.490000000000009,1869.4800000000007
1689033600000,1880.41,1891.99,1862.38,1878.3,177771.6117,2023-07-11,1873.8333333333342,1876.053562528459,52.31208205953065,1876.991122893817,1879.824280674416,1876.4166666667782,13.059999999999945,1873.8333333333342
1689120000000,1878.31,1902.0,1864.37,1871.82,264406.8673,2023-07-12,1876.8400000000008,1873.9367812642295,41.26508542581706,1873.3471708147936,1874.000164297696,1875.4100000001124,9.019999999999982,1876.8400000000008
1689206400000,1871.82,2012.63,1862.59,2004.49,548861.4207,2023-07-13,1918.203333333334,1939.2133906321146,92.15331617481137,1971.5568900913393,1988.349941787121,1939.2350000001134,124.08999999999992,1918.203333333334
1689292800000,2004.49,2029.11,1898.39,1937.83,498724.0359,2023-07-14,1938.0466666666673,1938.5216953160573,55.74955508833674,1954.347597387641,1954.4853245417116,1949.0483333334475,59.52999999999997,1938.0466666666673
1689379200000,1937.82,1946.37,1926.23,1931.41,135181.7663,2023-07-15,1957.9100000000008,1934.9658476580287,52.7397764874807,1941.1008748648062,1936.3243010094384,1945.730000000115,59.590000000000146,1957.9100000000008
1689465600000,1931.41,1943.55,1914.0,1922.11,148667.1051,2023-07-16,1930.4500000000007,1928.5379238290143,47.20248727111009,1928.3914755178957,1922.8624508312637,1927.8300000001157,-82.38000000000011,1930.4500000000007
1689552000000,1922.12,1936.18,1873.26,1911.2,277159.0349,2023-07-17,1921.573333333334,1919.868961914507,39.841620200299204,1915.4612568016942,1910.5661160575305,1918.2050000001166,-26.62999999999988,1921.573333333334
1689638400000,1911.21,1917.19,1875.73,1897.21,215780.5006,2023-07-18,1910.173333333334,1908.5394809572535,30.648587937173154,1900.6708879222203,1896.4928735890285,1906.0233333334509,-34.200000000000045,1910.173333333334
1689724800000,1897.21,1922.04,1882.17,1888.63,218045.0005,2023-07-19,1899.0133333333342,1898.5847404786268,25.282042787040137,1889.6730737217968,1887.062529694302,1895.2516666667852,-33.47999999999979,1899.0133333333342
1689811200000,1888.64,1929.05,1878.0,1891.59,292907.5164,2023-07-20,1892.4766666666676,1895.0873702393133,31.48980670709054,1888.8828517412414,1888.931153856874,1891.540000000119,-19.610000000000127,1892.4766666666676
1689897600000,1891.59,1905.74,1884.64,1891.73,165554.0428,2023-07-21,1890.6500000000008,1893.4086851196566,31.891265153357967,1889.4670833107925,1890.6226927132116,1891.1666666667868,-5.480000000000018,1890.6500000000008
1689984000000,1891.73,1897.35,1851.18,1866.52,131901.6487,2023-07-22,1883.2800000000007,1879.9643425598283,12.347634592195556,1871.271370375482,1869.473489888951,1879.1016666667874,-22.110000000000127,1883.2800000000007
1690070400000,1866.52,1905.25,1857.82,1888.73,153501.0178,2023-07-23,1882.326666666667,1884.3471712799142,51.569059668130855,1882.192099547784,1884.562109530626,1881.8266666667885,-2.8599999999999,1882.326666666667
1690156800000,1888.74,1890.86,1833.19,1850.0,276504.5547,2023-07-24,1868.4166666666672,1867.173585639957,23.759703245298468,1857.5092569539133,1854.9396334683775,1865.6633333334557,-41.73000000000002,1868.4166666666672
1690243200000,1850.0,1868.71,1845.45,1857.66,152251.21,2023-07-25,1865.463333333334,1862.4167928199786,34.274651821964724,1855.2062320669675,1855.148304290716,1860.2850000001229,-8.8599999999999,1865.463333333334
1690329600000,1857.66,1888.0,1848.35,1872.0,272090.5333,2023-07-26,1859.8866666666672,1867.2083964099893,52.623146181101646,1865.998917828489,1868.9704950261194,1863.553333333457,-16.730000000000018,1859.8866666666672
1690416000000,1871.99,1886.11,1854.84,1861.28,163766.4259,2023-07-27,1863.6466666666672,1864.2441982049945,40.0772355969701,1862.157359811747,1863.2044685046874,1864.2500000001244,11.279999999999973,1863.6466666666672
1690502400000,1861.29,1883.39,1856.52,1874.19,138695.7147,2023-07-28,1869.156666666667,1869.2170991024973,58.115693964659776,1870.660130354625,1872.9486195237828,1869.5216666667918,16.529999999999973,1869.156666666667
1690588800000,1874.2,1886.58,1869.54,1880.46,72867.0269,2023-07-29,1871.9766666666671,1874.8385495512487,65.64891335404332,1878.3707904016883,1880.5596397854233,1875.173333333459,8.460000000000036,1871.9766666666671
1690675200000,1880.45,1885.3,1848.17,1861.79,158657.5902,2023-07-30,1872.1466666666672,1868.3142747756242,36.404145845375965,1866.8182578130318,1865.398553598383,1870.0800000001263,0.5099999999999909,1872.1466666666672
1690761600000,1861.79,1877.4,1851.02,1856.14,168204.4534,2023-07-31,1866.1300000000003,1862.227137387812,30.280863612386423,1858.4355602126097,1856.5779279989806,1862.076666666794,-18.049999999999955,1866.1300000000003
1690848000000,1856.13,1875.62,1813.8,1873.47,358476.0966,2023-08-01,1863.8000000000004,1867.8485686939061,60.696860238881435,1868.763495759352,1870.1879317728622,1865.7466666667945,-6.990000000000009,1863.8000000000004
1690934400000,1873.48,1879.74,1821.21,1839.9,254213.0553,2023-08-02,1856.503333333334,1853.8742843469531,26.76659626710337,1847.3446057061997,1844.334520859854,1853.7966666667953,-21.889999999999873,1856.503333333334
1691020800000,1839.9,1859.12,1826.0,1835.81,171148.052,2023-08-03,1849.7266666666674,1844.8421421734765,24.285563900015305,1837.0612317663615,1834.930573460008,1843.4500000001292,-20.330000000000155,1849.7266666666674
1691107200000,1835.81,1851.31,1815.74,1830.23,187699.4552,2023-08-04,1835.3133333333342,1837.5360710867383,20.413377174919496,1829.9925803398116,1829.0459610167295,1833.7016666667969,-43.24000000000001,1835.3133333333342
1691193600000,1830.24,1839.0,1827.5,1836.48,93657.3255,2023-08-05,1834.173333333334,1837.0080355433693,37.22873330950231,1832.9722723982213,1834.2528265375693,1834.2850000001308,-3.4200000000000728,1834.173333333334
1691280000000,1836.48,1838.58,1825.86,1830.28,90403.9915,2023-08-06,1832.3300000000008,1833.6440177716845,28.323959546957443,1829.9441273132682,1830.7523407263077,1832.3383333334648,-5.529999999999973,1832.3300000000008
1691366400000,1830.28,1847.0,1802.0,1829.1,224092.9059,2023-08-07,1831.953333333334,1831.3720088858422,26.513482659047543,1828.386059213713,1829.1471363133764,1830.7233333334652,-1.1300000000001091,1831.953333333334
1691452800000,1829.1,1876.51,1826.33,1856.3,236336.03,2023-08-08,1838.5600000000006,1843.836004442921,77.10790765704509,1848.5750273853957,1852.8180522425296,1842.896666666799,19.819999999999936,1838.5600000000006
1691539200000,1856.3,1871.99,1846.28,1855.35,191926.8343,2023-08-09,1846.9166666666672,1849.5930022214604,74.42348460621454,1854.8410125819676,1857.2170187195502,1851.2916666667995,25.069999999999936,1846.9166666666672
1691625600000,1855.36,1865.95,1845.38,1852.47,127321.4553,2023-08-10,1854.7066666666672,1851.0315011107302,64.25170707520745,1854.3747557356187,1854.6103809366007,1854.0683333334666,23.37000000000012,1854.7066666666672
1691712000000,1852.47,1857.26,1838.05,1848.84,113209.3103,2023-08-11,1852.2200000000005,1849.935750555365,51.05826047662082,1851.0595025901266,1850.0675638955536,1851.1350000001337,-7.460000000000036,1852.2200000000005
1691798400000,1848.84,1854.01,1846.08,1849.93,63292.6476,2023-08-12,1850.4133333333339,1849.9328752776826,55.201571227982306,1850.4933136562222,1849.7156874808245,1849.9900000001342,-5.419999999999845,1850.4133333333339
1691884800000,1849.94,1862.0,1834.51,1840.73,120674.1364,2023-08-13,1846.5000000000007,1845.3314376388412,26.644036486891054,1843.3109380086903,1841.6316559166467,1845.148333333468,-11.740000000000009,1846.5000000000007
1691971200000,1840.73,1856.5,1835.0,1845.5,150196.1203,2023-08-14,1845.3866666666672,1845.4157188194206,47.69024162244,1844.4476095946347,1844.134163751296,1844.6483333334684,-3.339999999999918,1845.3866666666672
1692057600000,1845.5,1847.36,1814.0,1828.98,186081.6989,2023-08-15,1838.4033333333336,1837.1978594097104,19.1491442563615,1832.6048750924624,1830.6357146245607,1836.4450000001355,-20.950000000000045,1838.4033333333336
1692144000000,1828.98,1831.52,1798.17,1807.81,205430.7368,2023-08-16,1827.4300000000003,1822.5039297048552,8.904984020878336,1812.8604726938036,1809.3506561129511,1821.1483333334693,-32.92000000000007,1827.4300000000003
1692230400000,1807.81,1809.99,1550.0,1681.49,812138.2159,2023-08-17,1772.7600000000002,1751.9969648524275,1.53848019121283,1711.921753920688,1694.9509686699184,1748.1783333334697,-164.01,1772.7600000000002
1692316800000,1681.49,1699.4,1641.02,1661.59,538083.1018,2023-08-18,1716.9633333333334,1706.7934824262138,1.2869150931374307,1664.1541357472372,1654.386675248234,1692.59333333347,-167.3900000000001,1716.9633333333334
1692403200000,1661.6,1696.72,1654.31,1669.67,231919.0485,2023-08-19,1670.9166666666667,1688.231741213107,10.227226843813131,1657.631197267065,1658.766868384031,1668.9466666668038,-138.13999999999987,1670.9166666666667
1692489600000,1669.68,1694.75,1662.03,1685.24,195623.5263,2023-08-20,1672.1666666666667,1686.7358706065534,28.85261702446384,1670.6876633302556,1678.5316672236108,1676.1083333334707,3.75,1672.1666666666667
1692576000000,1685.23,1688.59,1649.4,1667.55,250835.1518,2023-08-21,1674.1533333333334,1677.1429353032768,21.315737398811958,1664.3223640134897,1669.8581839534227,1673.8000000001375,5.960000000000036,1674.1533333333334
1692662400000,1667.56,1669.38,1580.0,1634.99,402012.045,2023-08-22,1662.5933333333332,1656.0664676516385,12.384248674861254,1639.1179481809259,1639.821884060429,1654.2183333334713,-34.680000000000064,1662.5933333333332
1692748800000,1635.0,1702.11,1629.05,1679.61,374761.1088,2023-08-23,1660.7166666666665,1667.8382338258193,52.92793195674873,1665.2498571775534,1672.7818965285283,1662.726666666805,-5.630000000000109,1660.7166666666665
1692835200000,1679.61,1683.37,1635.28,1661.16,231539.7805,2023-08-24,1658.5866666666664,1664.4991169129098,41.12468150955315,1661.535370132322,1665.1137047416485,1662.948333333472,-6.389999999999873,1658.5866666666664
1692921600000,1661.16,1677.22,1635.51,1653.8,236261.6898,2023-08-25,1664.8566666666666,1659.149558456455,36.28303569387757,1654.9929058379337,1656.1856202236304,1660.5550000001392,18.809999999999945,1664.8566666666666
1693008000000,1653.79,1655.59,1644.0,1647.04,79175.425,2023-08-26,1654.0,1653.0947792282275,31.219272501471597,1647.989063304853,1648.1108888452745,1651.6466666668064,-32.569999999999936,1654.0
1693094400000,1647.03,1660.24,1646.32,1658.33,87789.9196,2023-08-27,1653.0566666666666,1655.7123896141138,49.037332850001256,1654.4683368453698,1656.4600811928958,1653.8116666668066,-2.8300000000001546,1653.0566666666666
1693180800000,1658.33,1664.34,1621.75,1653.08,214351.0143,2023-08-28,1652.8166666666666,1654.3961948070569,41.53253906608563,1653.1160710191564,1654.093907683341,1653.8233333334736,-0.7200000000000273,1652.8166666666666
1693267200000,1653.08,1745.84,1640.0,1729.42,494371.0823,2023-08-29,1680.2766666666666,1691.9080974035285,86.52225542758636,1710.023986807814,1720.2109117359996,1692.1250000001407,82.38000000000011,1680.2766666666666
1693353600000,1729.41,1730.93,1694.34,1705.23,202841.4402,2023-08-30,1695.9099999999999,1698.5690487017641,63.351863223397,1710.9574690530249,1713.1871969906053,1704.6016666668077,46.90000000000009,1695.9099999999999
1693440000000,1705.23,1729.0,1630.0,1645.76,330518.2668,2023-08-31,1693.47,1672.164524350882,31.874357129148116,1665.1564723510712,1656.573100144326,1679.5266666668078,-7.319999999999936,1693.47
1693526400000,1645.77,1654.53,1602.33,1629.12,302406.1686,2023-09-01,1660.0366666666666,1650.642262175441,26.374286291337473,1636.377105087815,1628.4568664405344,1647.3516666668081,-100.30000000000018,1660.0366666666666
1693612800000,1629.13,1645.0,1628.03,1637.03,102145.9476,2023-09-02,1637.3033333333333,1643.8361310877203,34.44061871045183,1633.300487000047,1631.205124176383,1635.8483333334752,-68.20000000000005,1637.3033333333333
1693699200000,1637.02,1647.5,1625.14,1635.84,116767.2862,2023-09-03,1633.9966666666667,1639.83806554386,33.609673052897534,1632.5712107280933,1633.1579239522152,1635.1166666668087,-9.920000000000073,1633.9966666666667
1693785600000,1635.84,1644.82,1616.32,1630.51,168010.9056,2023-09-04,1634.46,1635.17403277193,28.92158951011411,1629.2085889780815,1630.1526511011018,1633.3733333334756,1.3900000000001,1634.46
1693872000000,1630.52,1648.02,1609.69,1634.45,204365.4907,2023-09-05,1633.6000000000001,1634.8120163859649,38.44238262739953,1631.6482862960581,1633.5211742095387,1633.3683333334757,-2.5799999999999272,1633.6000000000001
1693958400000,1634.46,1670.0,1609.2,1633.15,219541.0193,2023-09-06,1632.7033333333336,1633.9810081929825,36.0523316294605,1631.983639051538,1633.5032634825093,1633.143333333476,-2.689999999999827,1632.7033333333336
1694044800000,1633.15,1660.0,1623.4,1648.11,228558.2782,2023-09-07,1638.57,1641.0455040964912,69.15493170681664,1643.5790674775233,1646.6043459542466,1640.8466666668094,17.59999999999991,1638.57
1694131200000,1648.11,1658.93,1616.21,1636.44,221570.0458,2023-09-08,1639.2333333333336,1638.7427520482456,43.06801429537154,1638.8581577146388,1639.1617180956816,1639.7816666668095,1.990000000000009,1639.2333333333336
1694217600000,1636.43,1637.52,1629.74,1635.54,58519.6229,2023-09-09,1640.03,1637.1413760241228,41.26720559356741,1636.3983908452578,1636.1209756131498,1637.9350000001432,2.3899999999998727,1640.03
1694304000000,1635.53,1635.7,1600.0,1617.42,207957.8428,2023-09-10,1629.8000000000002,1627.2806880120615,18.237579823633805,1621.9788514165984,1619.5607180922455,1626.6300000001436,-30.689999999999827,1629.8000000000002
1694390400000,1617.42,1619.0,1531.01,1551.85,417424.8189,2023-09-11,1601.6033333333335,1589.5653440060307,4.526414324313489,1568.0567537052839,1558.7443101904664,1587.6550000001437,-84.59000000000015,1601.6033333333335
1694476800000,1551.84,1626.0,1549.67,1592.97,329739.9685,2023-09-12,1587.4133333333336,1591.2676720030154,44.07614068970181,1581.3645408511343,1582.511048668158,1583.3383333334775,-42.569999999999936,1587.4133333333336
1694563200000,1592.97,1619.3,1581.88,1607.62,223409.2889,2023-09-13,1584.1466666666668,1599.4438360015076,54.21251838469462,1598.580352424813,1603.673430120918,1593.4416666668112,-9.800000000000182,1584.1466666666668
1694649600000,1607.61,1644.29,1607.05,1626.47,275301.1505,2023-09-14,1609.0200000000002,1612.9569180007538,66.07894565312698,1619.2817172120297,1625.4223974540678,1614.603333333478,74.62000000000012,1609.0200000000002
1694736000000,1626.48,1654.08,1611.42,1641.29,181340.024,2023-09-15,1625.1266666666668,1627.123459000377,74.01947220214919,1637.3691291058262,1642.3999046739323,1630.7383333334783,48.319999999999936,1625.1266666666668
1694822400000,1641.3,1653.17,1631.31,1634.4,99555.4671,2023-09-16,1634.0533333333333,1630.7617295001885,63.63183682627835,1637.7036998028188,1638.5672376854627,1635.3750000001455,26.7800000000002,1634.0533333333333
1694908800000,1634.4,1635.0,1612.0,1622.48,120227.4117,2023-09-17,1632.7233333333334,1626.6208647500944,46.644667756099864,1628.0214175263625,1625.6824777045026,1629.5883333334793,-3.990000000000009,1632.7233333333334
1694995200000,1622.48,1669.5,1603.88,1636.66,279041.6978,2023-09-18,1631.18,1631.640432375047,63.860282550439095,1634.8504925756574,1634.5857763768986,1631.556666666813,-4.629999999999882,1631.18
1695081600000,1636.66,1661.04,1626.32,1643.12,184282.4258,2023-09-19,1634.0866666666668,1637.3802161875235,70.38921499845463,1641.855138194067,1642.3552109976545,1637.5266666668133,8.7199999999998,1634.0866666666668
1695168000000,1643.13,1649.34,1604.51,1622.26,232844.2347,2023-09-20,1634.0133333333333,1629.8201080937617,37.54001048117503,1628.2775150501525,1625.5187939268699,1631.6133333334808,-0.22000000000002728,1634.0133333333333
1695254400000,1622.27,1625.3,1567.77,1583.94,240627.544,2023-09-21,1616.4399999999998,1606.880054046881,16.422122582200224,1594.638730501636,1587.9100046891767,1606.5766666668144,-52.72000000000003,1616.4399999999998
1695340800000,1583.94,1602.68,1576.58,1593.08,124886.091,2023-09-22,1599.76,1599.9800270234405,30.425106639473743,1590.4093517390977,1588.3803129633188,1594.8966666668148,-50.039999999999964,1599.76
1695427200000,1593.07,1598.24,1587.45,1593.86,64537.1341,2023-09-23,1590.293333333333,1596.9200135117203,31.88595650627025,1590.604669113689,1591.217815168955,1591.9466666668152,-28.40000000000009,1590.293333333333
1695513600000,1593.85,1601.12,1570.01,1580.71,137517.8533,2023-09-24,1589.2166666666665,1588.8150067558602,20.82719938720488,1581.6048311789145,1581.4639886170905,1587.1550000001491,-3.230000000000018,1589.2166666666665
1695600000000,1580.71,1597.5,1563.01,1588.33,176706.9277,2023-09-25,1587.6333333333332,1588.57250337793,39.16609061433748,1584.846163900492,1586.5176606693342,1586.7116666668162,-4.75,1587.6333333333332
1695686400000,1588.34,1599.78,1580.05,1594.01,125583.0161,2023-09-26,1587.6833333333334,1591.291251688965,51.68035727206427,1590.7874561057638,1593.2344764373033,1589.90000000015,0.15000000000009095,1587.6833333333334
1695772800000,1594.02,1634.1,1583.5,1598.64,274404.4328,2023-09-27,1593.66,1594.9656258444825,61.391431828486745,1596.5509151306405,1598.8189677310895,1595.3783333334839,17.930000000000064,1593.66
1695859200000,1598.63,1668.21,1598.14,1652.99,331409.7015,2023-09-28,1615.2133333333334,1623.9778129222414,91.49362158708708,1639.2765511041998,1647.2673018523246,1625.043333333484,64.66000000000008,1615.2133333333334
1695945600000,1653.0,1688.0,1648.37,1667.45,251975.6728,2023-09-29,1639.6933333333334,1645.7139064611206,93.51229297151126,1664.2313223215394,1669.8360365348321,1651.1616666668178,73.44000000000005,1639.6933333333334
1696032000000,1667.45,1694.32,1666.19,1670.89,136924.9141,2023-09-30,1663.7766666666666,1658.3019532305602,94.01880557520508,1673.8546845454894,1675.1746993793902,1666.7600000001514,72.25,1663.7766666666666
1696118400000,1670.89,1751.0,1668.0,1733.79,225611.5868,2023-10-01,1690.71,1696.04597661528,98.09596417045083,1722.6943539651047,1728.9021843995038,1701.7666666668185,80.79999999999995,1690.71
1696204800000,1733.8,1744.0,1636.79,1662.4,378575.6898,2023-10-02,1689.0266666666666,1679.2229883076402,45.40414555418369,1684.1356828287326,1676.371756631566,1687.6116666668192,-5.0499999999999545,1689.0266666666666
1696291200000,1662.41,1670.65,1643.0,1656.88,198287.1164,2023-10-03,1684.3566666666666,1668.0514941538202,42.741376463085615,1664.9220943374562,1657.0190840701443,1671.538333333486,-14.009999999999991,1684.3566666666666
1696377600000,1656.88,1657.66,1625.0,1646.58,222861.7167,2023-10-04,1655.2866666666666,1657.3157470769102,36.71482501350687,1650.3831736302732,1644.5300816814813,1652.650000000153,-87.21000000000004,1655.2866666666666
1696464000000,1646.58,1655.47,1606.73,1611.79,237378.7449,2023-10-05,1638.4166666666667,1634.552873538455,21.41581284155555,1619.705150045909,1612.821029048558,1630.9016666668201,-50.61000000000013,1638.4166666666667
1696550400000,1611.79,1662.0,1611.68,1645.03,220507.9286,2023-10-06,1634.4666666666665,1639.7914367692274,50.7987797854684,1634.9868566383407,1636.5663678204946,1634.208333333487,-11.850000000000136,1634.4666666666665
1696636800000,1645.03,1647.71,1630.03,1633.57,101241.5732,2023-10-07,1630.1299999999999,1636.6807183846136,42.56772038382207,1632.7230691268633,1633.9362901545082,1633.7600000001542,-13.009999999999991,1630.1299999999999
1696723200000,1633.56,1641.4,1616.17,1632.84,149424.6635,2023-10-08,1637.1466666666665,1634.7603591923066,41.918727334008324,1631.821354967278,1632.9372879974608,1635.1150000001544,21.049999999999955,1637.1466666666665
1696809600000,1632.85,1636.0,1546.0,1580.13,340141.0988,2023-10-09,1615.5133333333333,1607.4451795961534,15.810742913402606,1592.3180876855624,1586.7820103578729,1606.6066666668214,-64.89999999999986,1615.5133333333333
1696896000000,1580.13,1594.9,1550.55,1567.63,240659.3287,2023-10-10,1593.5333333333335,1587.5375897980766,12.943171633584715,1570.020248943743,1566.0570858080264,1582.6650000001553,-65.93999999999983,1593.5333333333335
1696982400000,1567.62,1578.43,1544.26,1566.87,260253.9671,2023-10-11,1571.5433333333333,1577.2037948990383,12.732564695132709,1563.2782270223522,1563.0925319433177,1569.3333333334886,-65.97000000000003,1571.5433333333333
1697068800000,1566.86,1568.56,1521.0,1539.61,237221.4977,2023-10-12,1558.0366666666666,1558.406897449519,6.789041612932816,1542.0456647864162,1540.7349848536905,1553.366666666822,-40.52000000000021,1558.0366666666666
1697155200000,1539.61,1575.36,1537.76,1552.16,192205.8736,2023-10-13,1552.8799999999999,1555.2834487247596,29.511505840199735,1545.5411080308286,1548.1952140490512,1550.428333333489,-15.470000000000027,1552.8799999999999
1697241600000,1552.16,1561.72,1544.55,1554.94,100314.6754,2023-10-14,1548.903333333333,1555.1117243623798,34.79320475398691,1550.1546918342244,1553.8743989262239,1551.4583333334895,-11.929999999999836,1548.903333333333
1697328000000,1554.94,1567.62,1547.44,1557.77,120311.2738,2023-10-15,1554.9566666666663,1556.44086218119,41.48794397938401,1554.6269148265173,1558.0583109592585,1555.8916666668229,18.160000000000082,1554.9566666666663
1697414400000,1557.78,1639.43,1555.06,1599.42,418510.8644,2023-10-16,1570.7099999999998,1577.930431090595,82.08737284969261,1587.7682418679613,1595.3098190003507,1578.12333333349,47.25999999999999,1570.7099999999998
1697500800000,1599.41,1600.53,1551.08,1565.01,234817.0699,2023-10-17,1574.0666666666664,1571.4702155452974,44.13595434684645,1573.1590131613316,1572.8552951468605,1575.2733333334902,10.069999999999936,1574.0666666666664
1697587200000,1565.01,1585.42,1555.88,1563.44,177750.2253,2023-10-18,1575.9566666666663,1567.4551077726487,42.7822569701724,1566.2919526943415,1564.7141173399357,1569.9600000001572,5.670000000000073,1575.9566666666663
1697673600000,1563.45,1574.45,1541.61,1566.57,216217.6675,2023-10-19,1565.0066666666662,1567.0125538863244,47.589370568646764,1566.2096994040087,1565.600932024801,1565.266666666824,-32.850000000000136,1565.0066666666662
1697760000000,1566.57,1630.4,1561.19,1603.89,315995.792,2023-10-20,1577.9666666666662,1585.4512769431622,79.05749464861908,1594.269211230423,1598.7752219256076,1584.708333333491,38.88000000000011,1577.9666666666662
1697846400000,1603.88,1644.53,1592.36,1628.94,176419.4092,2023-10-21,1599.7999999999995,1607.195638471581,86.94778575600992,1622.476786379421,1627.9613985373023,1610.195000000158,65.5,1599.7999999999995
1697932800000,1628.94,1667.8,1621.1,1663.7,228650.9225,2023-10-22,1632.1766666666663,1635.4478192357906,92.68456282110266,1657.2144835718152,1663.1995478648478,1642.1450000001585,97.13000000000011,1632.1766666666663
1698019200000,1663.69,1800.0,1657.07,1765.46,610931.9663,2023-10-23,1686.0333333333328,1700.4539096178953,97.50332079099391,1743.84028697696,1757.6426756349965,1708.7866666668253,161.56999999999994,1686.0333333333328
1698105600000,1765.47,1854.38,1756.21,1784.98,674055.1375,2023-10-24,1738.0466666666662,1742.7169548089478,97.90112962277556,1785.5416660840065,1792.1620273710218,1758.2600000001592,156.03999999999996,1738.0466666666662
1698192000000,1784.98,1817.69,1760.0,1787.15,354410.8294,2023-10-25,1779.196666666666,1764.933477404474,97.95545217052184,1797.4540943397665,1795.6122278133914,1782.8116666668263,123.45000000000005,1779.196666666666
1698278400000,1787.15,1865.54,1762.21,1803.38,431169.0453,2023-10-26,1791.8366666666661,1784.156738702237,98.41552776061403,1810.0286778187647,1805.7834056461948,1794.9033333334935,37.92000000000007,1791.8366666666661
1698364800000,1803.39,1803.91,1744.66,1779.4,274532.6921,2023-10-27,1789.9766666666662,1781.7783693511185,65.66653557934134,1793.5251542338233,1784.3399410306272,1788.6850000001607,-5.579999999999927,1789.9766666666662
1698451200000,1779.41,1803.23,1770.0,1776.2,122919.7382,2023-10-28,1786.3266666666661,1778.9891846755593,61.56576340981948,1783.4679847791322,1775.2413857879678,1781.7966666668278,-10.950000000000045,1786.3266666666661
1698537600000,1776.21,1811.3,1762.66,1795.14,144110.6508,2023-10-29,1783.5799999999997,1787.0645923377797,75.27430593726694,1793.3416962206763,1790.127548614756,1786.2033333334948,-8.240000000000009,1783.5799999999997
1698624000000,1795.14,1829.84,1777.77,1809.04,277686.192,2023-10-30,1793.4599999999998,1798.0522961688898,82.24550441068065,1806.684700025893,1806.2552762099867,1798.933333333495,29.639999999999873,1793.4599999999998
1698710400000,1809.03,1819.41,1780.99,1814.67,258074.5796,2023-10-31,1806.283333333333,1806.361148084445,84.84199042112391,1814.8317759707243,1814.5361760774088,1809.5383333334955,38.47000000000003,1806.283333333333
1698796800000,1814.67,1857.66,1783.19,1846.99,471921.6184,2023-11-01,1823.5666666666664,1826.6755740422225,93.29086097467282,1841.0681009642508,1843.8812505354676,1829.8916666668292,51.84999999999991,1823.5666666666664
1698883200000,1846.99,1875.0,1785.01,1800.8,368738.2193,2023-11-02,1820.8199999999997,1813.7377870211112,42.50385186606042,1814.4651569715697,1809.0391532713932,1818.5083333334962,-8.240000000000009,1820.8199999999997
1698969600000,1800.79,1834.58,1777.11,1832.71,315000.2678,2023-11-03,1826.833333333333,1823.2238935105556,63.24094797041043,1828.330631730507,1827.807314015165,1824.4533333334966,18.039999999999964,1826.833333333333
1699056000000,1832.7,1869.9,1824.03,1855.54,171538.0364,2023-11-04,1829.6833333333332,1839.3819467552778,73.49860699419676,1850.0143424876146,1852.5155123861366,1838.8066666668303,8.549999999999955,1829.6833333333332
1699142400000,1855.54,1912.67,1846.11,1891.71,383106.7628,2023-11-05,1859.9866666666665,1865.5459733776388,84.06563082430554,1883.9441845549877,1889.077677226754,1869.820000000164,90.91000000000008,1859.9866666666665
1699228800000,1891.71,1914.23,1868.48,1900.95,328746.2394,2023-11-06,1882.733333333333,1883.2479866888193,86.17757716596653,1901.298098933084,1903.6907958024262,1890.3016666668311,68.24000000000001,1882.733333333333
1699315200000,1900.95,1906.99,1850.32,1885.27,332419.4406,2023-11-07,1892.6433333333327,1884.2589933444096,64.43783864753337,1893.7895527943372,1890.7261248318391,1891.570000000165,29.730000000000018,1892.6433333333327
1699401600000,1885.26,1904.69,1872.51,1888.12,247881.0997,2023-11-08,1891.446666666666,1886.1894966722048,66.72633752510528,1891.9200280610662,1888.4883000492848,1889.3083333334987,-3.5900000000001455,1891.446666666666
1699488000000,1888.11,2132.0,1882.07,2121.32,1100330.3237,2023-11-09,1964.903333333333,2003.7547483361025,96.26070160221592,2065.402639862482,2091.6454559253507,2004.2450000001656,220.37000000000012,1964.903333333333
1699574400000,2121.33,2136.99,2064.61,2077.72,555573.6495,2023-11-10,2029.053333333333,2040.7373741680512,77.07457314778057,2090.052632847215,2097.007724455042,2060.653333333499,192.44999999999982,2029.053333333333
1699660800000,2077.72,2089.6,2030.3,2053.17,370966.0372,2023-11-11,2084.0699999999997,2046.9536870840257,65.96914193240605,2074.719472881595,2067.4222822447105,2072.711666666833,165.05000000000018,2084.0699999999997
1699747200000,2053.16,2066.5,2012.1,2044.68,281907.559,2023-11-12,2058.523333333333,2045.816843542013,61.38130602693464,2059.131314669791,2048.2570620164533,2053.0166666668333,-76.6400000000001,2058.523333333333
1699833600000,2044.69,2118.0,2028.49,2053.65,529143.5815,2023-11-13,2050.5,2049.7334217710068,65.2151400864848,2058.3489464493928,2050.5623468980284,2050.580000000167,-24.06999999999971,2050.5
1699920000000,2053.65,2064.96,1936.6,1979.39,481909.733,2023-11-14,2025.9066666666668,2014.5617108855035,29.207900435247502,2001.283617781945,1986.4435091152893,2015.0250000001672,-73.77999999999997,2025.9066666666668
1700006400000,1979.4,2062.4,1967.01,2058.48,421870.8032,2023-11-15,2030.506666666667,2036.5208554427518,62.385890466662055,2040.8613811695966,2042.2506362514707,2031.3116666668345,13.799999999999955,2030.506666666667
1700092800000,2058.49,2090.4,1939.1,1961.77,545286.1297,2023-11-16,1999.88,1999.1454277213759,33.5476610416566,1982.6279767241103,1972.8936159029927,1996.9433333335012,-91.88000000000011,1999.88
1700179200000,1961.77,1991.5,1904.0,1960.82,401100.5069,2023-11-17,1993.6899999999998,1979.982713860688,33.32070597136176,1962.1426314317112,1956.6141353052963,1977.4133333335012,-18.570000000000164,1993.6899999999998
1700265600000,1960.82,1971.22,1916.0,1962.6,279368.2208,2023-11-18,1961.7299999999998,1971.291356930344,34.56486614286836,1958.0256372506835,1957.548570562135,1961.8683333335011,-95.88000000000011,1961.7299999999998
1700352000000,1962.59,2015.75,1942.89,2011.47,251132.6192,2023-11-19,1978.2966666666664,1991.380678465172,62.9979765415045,1994.792479392756,2002.8927063521041,1986.7383333335013,49.700000000000045,1978.2966666666664
1700438400000,2011.47,2066.4,1990.0,2021.4,421717.679,2023-11-20,1998.4899999999998,2006.390339232586,67.3253333866828,2015.601070080085,2022.5506485197157,2008.2900000001682,60.580000000000155,1998.4899999999998
1700524800000,2021.41,2034.6,1931.43,1933.01,490163.9863,2023-11-21,1988.6266666666663,1969.700169616293,26.28354338881974,1955.9604502318957,1947.9600143357632,1975.5500000001684,-29.589999999999918,1988.6266666666663
1700611200000,1933.01,2092.46,1928.41,2063.21,466120.5109,2023-11-22,2005.873333333333,2016.4550848081465,68.59033930506897,2032.9626827118745,2044.0861234078716,2012.8416666668352,51.74000000000001,2005.873333333333
1700697600000,2063.22,2088.94,2040.35,2062.2,250960.6958,2023-11-23,2019.4733333333327,2039.327542404073,68.13533060557505,2059.0175701539,2066.1705054249483,2041.0050000001684,40.79999999999973,2019.4733333333327
1700784000000,2062.21,2133.02,2059.37,2080.84,426932.5402,2023-11-24,2068.7499999999995,2060.0837712020366,73.0791376274943,2080.306899475932,2084.149917373489,2071.688333333502,147.83000000000015,2068.7499999999995
1700870400000,2080.84,2090.54,2065.3,2083.09,138847.393,2023-11-25,2075.376666666666,2071.5868856010184,73.81472967263996,2087.450006937457,2087.191512417508,2078.8583333335023,19.88000000000011,2075.376666666666
1700956800000,2083.1,2094.99,2036.42,2062.33,241262.9136,2023-11-26,2075.4199999999996,2066.958442800509,53.560058767706856,2072.575782068474,2067.3236437742626,2072.3350000001697,0.13000000000010914,2075.4199999999996
1701043200000,2062.34,2071.24,1985.78,2027.5,326073.2298,2023-11-27,2057.6399999999994,2047.2292214002546,31.68190026361421,2040.1732803341097,2031.2105710199494,2048.3750000001696,-53.340000000000146,2057.6399999999994
1701129600000,2027.5,2075.0,1995.15,2048.14,283775.9279,2023-11-28,2045.989999999999,2047.6846107001272,49.88006819975782,2044.3843348169912,2041.7808127514145,2043.62500000017,-34.95000000000027,2045.989999999999
1701216000000,2048.14,2075.7,2019.31,2028.81,254843.7319,2023-11-29,2034.8166666666657,2038.2473053500635,36.29749703731006,2031.8785147334636,2029.0424963339433,2035.0350000001706,-33.51999999999998,2034.8166666666657
1701302400000,2028.8,2054.75,2020.85,2051.96,243680.0921,2023-11-30,2042.9699999999991,2045.1036526750318,57.22299253108276,2045.3474310292158,2047.2357063148472,2043.6066666668376,24.460000000000036,2042.9699999999991
1701388800000,2051.95,2110.87,2045.04,2087.24,372645.586,2023-12-01,2056.003333333332,2066.171826337516,75.56870497609155,2076.82780234585,2082.9780388157415,2065.741666666838,39.09999999999991,2056.003333333332
1701475200000,2087.24,2186.6,2086.25,2164.74,320979.9768,2023-12-02,2101.313333333332,2115.455913168758,89.87577026429489,2145.425944588546,2158.1580905292176,2120.110000000171,135.92999999999984,2101.313333333332
1701561600000,2164.75,2217.27,2149.0,2192.95,257879.1136,2023-12-03,2148.309999999999,2154.2029565843786,92.32861685824275,2188.5614940020832,2197.121819971378,2165.9283333335047,140.98999999999978,2148.309999999999
1701648000000,2192.96,2274.28,2191.0,2243.37,565307.7134,2023-12-04,2200.353333333332,2198.7864782921893,95.34935297783674,2238.257507854947,2245.093916912121,2213.458333333505,156.1300000000001,2200.353333333332
1701734400000,2243.36,2309.72,2188.33,2293.33,529829.7214,2023-12-05,2243.216666666666,2246.058239146095,97.06632186676919,2289.4296343544265,2294.7980217058007,2259.946666666838,128.59000000000015,2243.216666666666
1701820800000,2293.33,2312.23,2220.0,2232.7,408338.9056,2023-12-06,2256.466666666666,2239.3791195730473,58.052076875159884,2257.7252573906894,2247.8968223710312,2254.688333333505,39.75,2256.466666666666
1701907200000,2232.7,2382.8,2222.0,2355.73,485190.0609,2023-12-07,2293.9199999999987,2297.554559786524,81.13345472384445,2335.8153488020835,2340.858456891214,2304.320000000172,112.36000000000013,2293.9199999999987
1701993600000,2355.74,2392.0,2336.34,2358.72,378569.8126,2023-12-08,2315.7166666666653,2328.1372798932616,81.5044513073479,2362.5590344544103,2363.1610712717693,2336.720000000172,65.38999999999987,2315.7166666666653
1702080000000,2358.71,2403.0,2328.01,2340.49,287771.0664,2023-12-09,2351.646666666665,2334.3136399466307,69.08098494344577,2354.6126972538896,2347.852367035624,2349.106666666839,107.78999999999996,2351.646666666665
1702166400000,2340.48,2377.47,2320.0,2352.39,200037.2102,2023-12-10,2350.5333333333315,2343.3518199733153,73.09634341432502,2358.020438640287,2351.8250542110104,2349.4783333335054,-3.3400000000001455,2350.5333333333315
1702252800000,2352.39,2355.0,2156.62,2225.12,640414.9166,2023-12-11,2305.9999999999986,2284.2359099866576,23.706544087025502,2262.0122643268146,2240.46843994877,2286.7716666668384,-133.5999999999999,2305.9999999999986
1702339200000,2225.11,2244.12,2166.0,2203.46,361588.9087,2023-12-12,2260.323333333332,2243.847954993329,20.218964094112422,2212.542154666743,2197.2291651443484,2235.501666666838,-137.02999999999975,2260.323333333332
1702425600000,2203.47,2284.02,2144.32,2260.16,418916.6154,2023-12-13,2229.5799999999986,2252.0039774966644,49.43075849230751,2240.429088585039,2242.6380495313224,2235.4200000001706,-92.23000000000002,2229.5799999999986
1702512000000,2260.16,2332.11,2228.2,2315.32,409508.0931,2023-12-14,2259.6466666666656,2283.661988748332,67.04099303270895,2293.703549918353,2305.6162554323173,2278.2900000001705,90.20000000000027,2259.6466666666656
1702598400000,2315.32,2317.81,2200.0,2220.5,333552.6328,2023-12-15,2265.3266666666655,2252.080994374166,35.3230948564731,2241.3112777720935,2236.861991643029,2258.7166666668363,17.039999999999964,2265.3266666666655
1702684800000,2220.51,2263.4,2210.0,2228.96,199285.923,2023-12-16,2254.926666666666,2240.520497187083,39.17443423592941,2229.355390292505,2226.9330520817202,2240.5333333335025,-31.199999999999818,2254.926666666666
1702771200000,2228.96,2248.68,2191.5,2196.52,225925.7675,2023-12-17,2215.326666666666,2218.5202485935415,29.180147856768535,2201.9375708494817,2198.0176163193482,2211.3300000001686,-118.80000000000018,2215.326666666666
1702857600000,2196.53,2224.0,2116.6,2219.43,364103.1181,2023-12-18,2214.9699999999993,2218.9751242967704,44.247826860638845,2210.911223276355,2213.210634373111,2213.381666666835,-1.0700000000001637,2214.9699999999993
1702944000000,2219.44,2255.0,2135.55,2177.91,383551.4049,2023-12-19,2197.9533333333325,2198.442562148385,28.033659471826283,2184.144330563985,2182.1768708303707,2194.8516666668343,-51.05000000000018,2197.9533333333325
1703030400000,2177.9,2266.0,2156.0,2202.17,416841.6272,2023-12-20,2199.836666666666,2200.3062810741926,45.528096415031285,2194.089024744896,2197.145782505641,2196.960000000167,5.650000000000091,2199.836666666666
1703116800000,2202.17,2279.31,2182.98,2239.61,453069.7252,2023-12-21,2206.563333333333,2219.9581405370964,65.1433087006354,2226.6754421039,2234.671099932322,2216.8466666668332,20.18000000000029,2206.563333333333
1703203200000,2239.6,2343.15,2230.59,2324.54,591357.488,2023-12-22,2255.4399999999996,2272.249070268548,84.33607545925679,2301.753185917676,2317.1444218730494,2275.8350000001665,146.6300000000001,2255.4399999999996
1703289600000,2324.54,2330.65,2265.0,2308.2,255626.9352,2023-12-23,2290.783333333333,2290.224535134274,72.77229853921538,2313.964325391701,2318.777780673538,2302.2150000001657,106.02999999999975,2290.783333333333
1703376000000,2308.2,2326.19,2245.0,2264.05,307951.076,2023-12-24,2298.9299999999994,2277.1372675671373,46.777238997345336,2282.4635289122825,2275.66349209706,2288.8483333334984,24.440000000000055,2298.9299999999994
1703462400000,2264.04,2304.8,2253.1,2271.35,286277.1616,2023-12-25,2281.1999999999994,2274.243633783569,51.10874866588914,2275.459947564357,2270.0049553745675,2275.0583333334976,-53.190000000000055,2281.1999999999994
1703548800000,2271.36,2274.99,2178.45,2230.88,410413.1591,2023-12-26,2255.4266666666663,2252.5618168917845,30.48040878909103,2242.3290653362865,2233.8770365732485,2249.898333333497,-77.31999999999971,2255.4266666666663
1703635200000,2230.88,2392.44,2211.88,2378.35,541537.3574,2023-12-27,2293.526666666666,2315.4559084458924,78.31665337302898,2341.7865784451974,2355.8422748410803,2311.3600000001625,114.29999999999973,2293.526666666666
1703721600000,2378.35,2445.8,2335.0,2344.15,580459.982,2023-12-28,2317.7933333333326,2329.802954222946,63.190869681965864,2350.1418121111255,2354.1737542535043,2336.6716666668285,72.80000000000018,2317.7933333333326
1703808000000,2344.15,2385.41,2255.34,2299.2,450201.2069,2023-12-29,2340.5666666666657,2314.501477111473,45.76506920898137,2317.020167499826,2310.126054821102,2327.3750000001605,68.31999999999971,2340.5666666666657
1703894400000,2299.2,2322.84,2268.0,2291.68,210539.1327,2023-12-30,2311.676666666666,2303.0907385557366,42.80302031309209,2298.644714472045,2291.7153008966607,2302.931666666826,-86.67000000000007,2311.676666666666
