Timestamp,Open,High,Low,Close,Volume
1672963200000,1251.25000000,1276.70000000,1236.00000000,1269.14000000,342344.20230000
1673049600000,1269.13000000,1271.09000000,1261.30000000,1264.07000000,129474.28840000
1673136000000,1264.06000000,1296.00000000,1257.77000000,1290.16000000,213636.78480000
1673222400000,1290.15000000,1344.91000000,1285.44000000,1320.39000000,581727.69680000
1673308800000,1320.40000000,1347.69000000,1316.80000000,1335.62000000,459660.23070000
1673395200000,1335.63000000,1398.00000000,1321.04000000,1389.39000000,472465.95560000
1673481600000,1389.40000000,1438.00000000,1361.92000000,1415.92000000,877712.44920000
1673568000000,1415.91000000,1464.00000000,1401.03000000,1451.20000000,499377.86490000
1673654400000,1451.21000000,1599.98000000,1449.14000000,1549.90000000,940691.77740000
1673740800000,1549.91000000,1566.66000000,1516.03000000,1552.52000000,387832.71380000
1673827200000,1552.52000000,1604.50000000,1521.31000000,1576.94000000,574622.89530000
1673913600000,1576.94000000,1609.00000000,1541.15000000,1565.57000000,506771.72190000
1674000000000,1565.56000000,1610.00000000,1501.39000000,1511.43000000,752534.88570000
1674086400000,1511.44000000,1564.43000000,1509.15000000,1551.09000000,308679.46450000
1674172800000,1551.09000000,1669.90000000,1542.02000000,1658.52000000,440570.99740000
1674259200000,1658.53000000,1679.26000000,1616.21000000,1626.66000000,494248.60090000
1674345600000,1626.65000000,1663.89000000,1604.00000000,1627.44000000,431729.69090000
1674432000000,1627.43000000,1648.09000000,1585.29000000,1626.29000000,407267.11560000
1674518400000,1626.28000000,1641.46000000,1535.00000000,1555.97000000,462275.32430000
1674604800000,1555.97000000,1641.00000000,1518.00000000,1611.94000000,646474.91660000
1674691200000,1611.95000000,1632.84000000,1577.43000000,1601.09000000,532777.84660000
1674777600000,1601.08000000,1621.00000000,1552.54000000,1597.62000000,512093.38750000
1674864000000,1597.61000000,1606.83000000,1555.99000000,1572.10000000,313675.65740000
1674950400000,1572.10000000,1660.00000000,1566.33000000,1644.72000000,551767.91340000
1675036800000,1644.73000000,1647.53000000,1535.00000000,1566.20000000,595055.32810000
1675123200000,1566.21000000,1605.18000000,1561.63000000,1585.33000000,348856.67510000
1675209600000,1585.32000000,1647.77000000,1555.18000000,1641.68000000,474617.17090000
1675296000000,1641.67000000,1714.68000000,1626.85000000,1643.12000000,629188.88740000
1675382400000,1643.12000000,1676.00000000,1625.93000000,1663.52000000,464815.03200000
1675468800000,1663.52000000,1695.29000000,1645.43000000,1666.38000000,308227.12950000
1675555200000,1666.39000000,1673.81000000,1609.30000000,1629.02000000,413579.67480000
1675641600000,1629.01000000,1658.56000000,1605.01000000,1614.29000000,384119.41970000
1675728000000,1614.28000000,1678.37000000,1613.14000000,1671.03000000,451922.40000000
1675814400000,1671.03000000,1697.91000000,1630.47000000,1650.43000000,417966.25390000
1675900800000,1650.42000000,1656.17000000,1524.40000000,1545.35000000,658011.69640000
1675987200000,1545.35000000,1555.01000000,1490.00000000,1513.06000000,484654.21990000
1676073600000,1513.05000000,1543.00000000,1505.00000000,1538.51000000,289691.57080000
1676160000000,1538.50000000,1548.02000000,1493.08000000,1514.83000000,286758.37400000
1676246400000,1514.82000000,1526.10000000,1461.93000000,1505.24000000,643152.39040000
1676332800000,1505.25000000,1569.00000000,1482.66000000,1555.71000000,668964.37680000
1676419200000,1555.70000000,1680.00000000,1542.55000000,1674.92000000,581207.85860000
1676505600000,1674.92000000,1742.97000000,1633.72000000,1637.84000000,832723.67310000
1676592000000,1637.83000000,1722.00000000,1630.51000000,1693.87000000,579934.66300000
1676678400000,1693.81000000,1713.13000000,1679.77000000,1691.62000000,267305.78130000
1676764800000,1691.62000000,1726.59000000,1666.14000000,1679.75000000,401023.04770000
1676851200000,1679.74000000,1719.89000000,1650.56000000,1703.27000000,451314.83350000
1676937600000,1703.27000000,1716.66000000,1636.30000000,1659.76000000,520354.46880000
1677024000000,1659.77000000,1666.95000000,1595.07000000,1643.14000000,528875.48090000
1677110400000,1643.15000000,1679.00000000,1628.75000000,1650.53000000,501305.97170000
1677196800000,1650.52000000,1664.66000000,1575.64000000,1607.80000000,512515.49820000
1677283200000,1607.80000000,1608.98000000,1557.33000000,1594.58000000,290188.03910000
1677369600000,1594.58000000,1651.26000000,1587.76000000,1641.36000000,308607.99410000
1677456000000,1641.37000000,1665.22000000,1608.00000000,1633.45000000,431861.41290000
1677542400000,1633.45000000,1647.52000000,1596.66000000,1605.23000000,393523.16470000
1677628800000,1605.24000000,1669.72000000,1595.00000000,1665.22000000,474456.82350000
1677715200000,1665.23000000,1677.86000000,1619.18000000,1647.86000000,423023.80820000
1677801600000,1647.86000000,1649.25000000,1544.39000000,1569.45000000,742816.59760000
1677888000000,1569.45000000,1577.53000000,1549.12000000,1566.73000000,237640.26060000
1677974400000,1566.74000000,1588.77000000,1553.05000000,1564.58000000,299240.74150000
1678060800000,1564.57000000,1583.49000000,1554.44000000,1565.84000000,307709.30110000
1678147200000,1565.84000000,1584.49000000,1536.14000000,1561.96000000,437947.90320000
1678233600000,1561.95000000,1570.89000000,1523.61000000,1532.38000000,460101.76580000
1678320000000,1532.38000000,1546.45000000,1408.00000000,1437.32000000,718485.13640000
1678406400000,1437.32000000,1439.43000000,1368.39000000,1426.44000000,960262.45090000
1678492800000,1426.43000000,1478.07000000,1408.40000000,1471.97000000,1374859.62010000
1678579200000,1471.93000000,1594.19000000,1448.30000000,1580.33000000,1002355.09290000
1678665600000,1580.33000000,1693.49000000,1565.00000000,1673.45000000,1228063.60530000
1678752000000,1673.44000000,1780.02000000,1655.24000000,1699.40000000,1283321.23550000
1678838400000,1699.41000000,1716.90000000,1611.00000000,1649.96000000,963142.48330000
1678924800000,1649.95000000,1691.42000000,1632.18000000,1673.73000000,627985.61190000
1679011200000,1673.73000000,1800.00000000,1662.65000000,1789.27000000,907528.28250000
1679097600000,1789.26000000,1841.00000000,1747.47000000,1758.84000000,711614.73100000
1679184000000,1758.84000000,1841.36000000,1757.92000000,1780.68000000,541131.89080000
1679270400000,1780.67000000,1803.05000000,1722.00000000,1732.78000000,682848.12480000
1679356800000,1732.77000000,1835.00000000,1717.01000000,1801.23000000,742348.49990000
1679443200000,1801.23000000,1819.98000000,1710.12000000,1734.33000000,891287.60090000
1679529600000,1734.34000000,1857.16000000,1729.35000000,1813.79000000,732061.10300000
1679616000000,1813.78000000,1818.99000000,1726.40000000,1749.57000000,564770.14170000
1679702400000,1749.57000000,1763.23000000,1713.09000000,1741.88000000,355679.37430000
1679788800000,1741.88000000,1801.00000000,1739.31000000,1773.88000000,354933.23720000
1679875200000,1773.88000000,1780.48000000,1686.13000000,1715.22000000,570563.50230000
1679961600000,1715.21000000,1795.73000000,1701.13000000,1772.99000000,536511.39730000
1680048000000,1773.00000000,1827.99000000,1772.48000000,1793.07000000,536865.59720000
1680134400000,1793.06000000,1829.69000000,1763.00000000,1793.61000000,579690.03940000
1680220800000,1793.60000000,1847.28000000,1777.91000000,1821.52000000,554525.47620000
1680307200000,1821.52000000,1842.83000000,1807.81000000,1820.79000000,272904.96740000
1680393600000,1820.80000000,1824.81000000,1771.70000000,1794.51000000,322122.93850000
1680480000000,1794.51000000,1839.99000000,1762.77000000,1810.51000000,628503.66190000
1680566400000,1810.51000000,1891.91000000,1802.01000000,1870.37000000,622208.64110000
1680652800000,1870.38000000,1942.98000000,1864.58000000,1908.69000000,548595.51550000
1680739200000,1908.68000000,1909.91000000,1853.70000000,1872.41000000,396241.43520000
1680825600000,1872.41000000,1882.61000000,1841.46000000,1863.72000000,284256.48730000
1680912000000,1863.73000000,1879.38000000,1847.00000000,1848.82000000,197905.54070000
1680998400000,1848.82000000,1873.99000000,1824.01000000,1858.92000000,287131.30790000
1681084800000,1858.91000000,1918.79000000,1846.40000000,1910.20000000,434739.79840000
1681171200000,1910.21000000,1937.37000000,1881.11000000,1889.86000000,405203.48920000
1681257600000,1889.86000000,1933.00000000,1852.65000000,1917.39000000,630844.41860000
1681344000000,1917.40000000,2023.00000000,1899.55000000,2012.01000000,676164.51880000
1681430400000,2012.00000000,2128.76000000,2009.22000000,2099.99000000,896307.39340000
1681516800000,2099.99000000,2111.85000000,2071.13000000,2090.60000000,321823.78510000
1681603200000,2090.61000000,2141.54000000,2072.72000000,2118.67000000,319880.43930000
1681689600000,2118.66000000,2120.51000000,2056.25000000,2074.00000000,426972.70710000
1681776000000,2073.99000000,2125.00000000,2051.00000000,2103.50000000,414244.61350000
1681862400000,2103.51000000,2104.60000000,1923.03000000,1933.73000000,775389.06020000
1681948800000,1933.74000000,1982.99000000,1914.43000000,1942.98000000,625336.24950000
1682035200000,1942.98000000,1957.27000000,1825.00000000,1848.78000000,688876.61860000
1682121600000,1848.77000000,1887.31000000,1841.64000000,1874.16000000,331007.58790000
1682208000000,1874.17000000,1882.01000000,1836.37000000,1862.00000000,344514.34440000
1682294400000,1862.01000000,1890.00000000,1806.00000000,1841.84000000,447864.05170000
1682380800000,1841.84000000,1877.86000000,1801.66000000,1866.10000000,457870.60470000
1682467200000,1866.10000000,1964.72000000,1785.00000000,1866.01000000,897709.72980000
1682553600000,1866.01000000,1940.96000000,1861.19000000,1908.68000000,727472.94660000
1682640000000,1908.68000000,1923.88000000,1873.94000000,1890.94000000,387630.77910000
1682726400000,1890.93000000,1918.00000000,1883.05000000,1907.80000000,182046.14060000
1682812800000,1907.79000000,1939.00000000,1866.16000000,1870.09000000,355336.48880000
1682899200000,1870.08000000,1886.49000000,1806.12000000,1830.73000000,445519.17790000
1682985600000,1830.73000000,1881.87000000,1822.94000000,1870.08000000,373753.20270000
1683072000000,1870.09000000,1916.52000000,1842.64000000,1905.12000000,465185.25010000
1683158400000,1905.12000000,1918.26000000,1866.71000000,1877.07000000,354528.61440000
1683244800000,1877.07000000,1998.36000000,1875.65000000,1993.30000000,546608.87500000
1683331200000,1993.30000000,2019.00000000,1860.00000000,1896.33000000,608106.99150000
1683417600000,1896.33000000,1933.33000000,1867.59000000,1870.40000000,413268.83570000
1683504000000,1870.41000000,1883.97000000,1810.73000000,1847.56000000,625316.61680000
1683590400000,1847.55000000,1861.88000000,1830.99000000,1846.52000000,304396.18600000
1683676800000,1846.53000000,1887.47000000,1790.51000000,1840.84000000,639933.38550000
1683763200000,1840.83000000,1842.02000000,1772.68000000,1794.30000000,522096.07250000
1683849600000,1794.31000000,1818.63000000,1740.00000000,1807.45000000,565539.83090000
1683936000000,1807.45000000,1817.03000000,1785.23000000,1795.11000000,212895.43730000
1684022400000,1795.12000000,1824.00000000,1789.82000000,1799.21000000,218101.09770000
1684108800000,1799.20000000,1846.70000000,1785.05000000,1816.20000000,388171.92610000
1684195200000,1816.21000000,1832.64000000,1796.20000000,1824.21000000,311238.67860000
1684281600000,1824.21000000,1837.50000000,1783.68000000,1822.12000000,352097.99130000
1684368000000,1822.12000000,1831.92000000,1771.12000000,1800.56000000,293755.31100000
1684454400000,1800.56000000,1829.54000000,1796.81000000,1812.32000000,243116.46760000
1684540800000,1812.31000000,1828.87000000,1807.06000000,1819.42000000,127754.43490000
1684627200000,1819.42000000,1828.98000000,1797.21000000,1804.91000000,161517.80530000
1684713600000,1804.91000000,1828.27000000,1792.01000000,1817.35000000,237498.94230000
1684800000000,1817.36000000,1872.50000000,1815.24000000,1854.05000000,396869.60970000
1684886400000,1854.06000000,1854.09000000,1777.60000000,1799.89000000,420846.14450000
1684972800000,1799.89000000,1818.81000000,1761.41000000,1805.60000000,350633.00890000
1685059200000,1805.61000000,1838.20000000,1796.99000000,1827.79000000,275690.68540000
1685145600000,1827.80000000,1836.12000000,1812.18000000,1829.89000000,138824.94060000
1685232000000,1829.89000000,1918.65000000,1823.60000000,1908.64000000,378392.43710000
1685318400000,1908.64000000,1927.62000000,1873.65000000,1892.60000000,313593.49420000
1685404800000,1892.60000000,1917.00000000,1881.19000000,1900.59000000,272665.84020000
1685491200000,1900.58000000,1907.13000000,1846.95000000,1873.63000000,319255.56810000
1685577600000,1873.63000000,1889.20000000,1840.00000000,1861.78000000,270496.60970000
1685664000000,1861.78000000,1910.00000000,1847.51000000,1906.68000000,313004.06580000
1685750400000,1906.69000000,1907.92000000,1881.60000000,1892.06000000,148818.24270000
1685836800000,1892.05000000,1914.63000000,1884.22000000,1890.01000000,172683.01190000
1685923200000,1890.00000000,1890.63000000,1778.00000000,1810.50000000,555361.26830000
1686009600000,1810.49000000,1898.29000000,1797.18000000,1884.64000000,491407.21740000
1686096000000,1884.65000000,1897.80000000,1821.18000000,1832.13000000,429196.70640000
1686182400000,1832.12000000,1861.28000000,1828.31000000,1845.64000000,189270.48530000
1686268800000,1845.65000000,1855.00000000,1827.00000000,1840.37000000,198324.32520000
1686355200000,1840.37000000,1844.99000000,1715.03000000,1751.53000000,652324.66950000
1686441600000,1751.52000000,1778.25000000,1738.72000000,1752.76000000,219956.24340000
1686528000000,1752.77000000,1759.33000000,1720.00000000,1742.57000000,302132.48190000
1686614400000,1742.57000000,1770.13000000,1724.22000000,1740.12000000,284268.00180000
1686700800000,1740.12000000,1750.03000000,1630.43000000,1650.95000000,415847.32700000
1686787200000,1650.95000000,1680.91000000,1626.01000000,1666.96000000,370774.76960000
1686873600000,1666.96000000,1729.50000000,1649.86000000,1717.92000000,311734.59040000
1686960000000,1717.91000000,1770.00000000,1714.26000000,1727.76000000,210914.92160000
1687046400000,1727.75000000,1747.84000000,1712.00000000,1720.95000000,156535.01280000
1687132800000,1720.95000000,1752.19000000,1698.00000000,1737.11000000,245162.75890000
1687219200000,1737.10000000,1796.99000000,1714.72000000,1791.99000000,328855.68460000
1687305600000,1791.99000000,1901.00000000,1787.38000000,1889.11000000,613755.88690000
1687392000000,1889.10000000,1933.17000000,1865.98000000,1872.01000000,416714.57190000
1687478400000,1872.00000000,1936.42000000,1861.01000000,1892.63000000,401147.93240000
1687564800000,1892.63000000,1906.00000000,1864.77000000,1874.96000000,226910.29410000
1687651200000,1874.95000000,1930.00000000,1868.83000000,1898.80000000,338757.61580000
1687737600000,1898.80000000,1909.10000000,1837.18000000,1858.97000000,458743.86100000
1687824000000,1858.97000000,1912.53000000,1855.19000000,1889.58000000,366634.57070000
1687910400000,1889.58000000,1890.19000000,1816.56000000,1828.02000000,337836.57920000
1687996800000,1828.03000000,1880.00000000,1827.84000000,1851.99000000,241844.82810000
1688083200000,1851.99000000,1948.60000000,1825.01000000,1933.79000000,716538.10350000
1688169600000,1933.80000000,1944.56000000,1909.44000000,1924.50000000,178373.36880000
1688256000000,1924.50000000,1959.20000000,1885.75000000,1937.48000000,255852.78320000
1688342400000,1937.49000000,1976.16000000,1933.55000000,1955.54000000,322102.42950000
1688428800000,1955.55000000,1967.08000000,1931.58000000,1936.20000000,205525.09840000
1688515200000,1936.19000000,1942.50000000,1894.51000000,1910.36000000,267633.47830000
1688601600000,1910.35000000,1958.00000000,1846.00000000,1846.17000000,456362.74100000
1688688000000,1846.17000000,1878.00000000,1826.00000000,1870.91000000,232944.34660000
1688774400000,1870.92000000,1876.00000000,1842.80000000,1865.24000000,125819.82730000
1688860800000,1865.24000000,1879.36000000,1856.15000000,1862.80000000,135046.37430000
1688947200000,1862.81000000,1905.50000000,1846.63000000,1880.40000000,247868.14940000
1689033600000,1880.41000000,1891.99000000,1862.38000000,1878.30000000,177771.61170000
1689120000000,1878.31000000,1902.00000000,1864.37000000,1871.82000000,264406.86730000
1689206400000,1871.82000000,2012.63000000,1862.59000000,2004.49000000,548861.42070000
1689292800000,2004.49000000,2029.11000000,1898.39000000,1937.83000000,498724.03590000
1689379200000,1937.82000000,1946.37000000,1926.23000000,1931.41000000,135181.76630000
1689465600000,1931.41000000,1943.55000000,1914.00000000,1922.11000000,148667.10510000
1689552000000,1922.12000000,1936.18000000,1873.26000000,1911.20000000,277159.03490000
1689638400000,1911.21000000,1917.19000000,1875.73000000,1897.21000000,215780.50060000
1689724800000,1897.21000000,1922.04000000,1882.17000000,1888.63000000,218045.00050000
1689811200000,1888.64000000,1929.05000000,1878.00000000,1891.59000000,292907.51640000
1689897600000,1891.59000000,1905.74000000,1884.64000000,1891.73000000,165554.04280000
1689984000000,1891.73000000,1897.35000000,1851.18000000,1866.52000000,131901.64870000
1690070400000,1866.52000000,1905.25000000,1857.82000000,1888.73000000,153501.01780000
1690156800000,1888.74000000,1890.86000000,1833.19000000,1850.00000000,276504.55470000
1690243200000,1850.00000000,1868.71000000,1845.45000000,1857.66000000,152251.21000000
1690329600000,1857.66000000,1888.00000000,1848.35000000,1872.00000000,272090.53330000
1690416000000,1871.99000000,1886.11000000,1854.84000000,1861.28000000,163766.42590000
1690502400000,1861.29000000,1883.39000000,1856.52000000,1874.19000000,138695.71470000
1690588800000,1874.20000000,1886.58000000,1869.54000000,1880.46000000,72867.02690000
1690675200000,1880.45000000,1885.30000000,1848.17000000,1861.79000000,158657.59020000
1690761600000,1861.79000000,1877.40000000,1851.02000000,1856.14000000,168204.45340000
1690848000000,1856.13000000,1875.62000000,1813.80000000,1873.47000000,358476.09660000
1690934400000,1873.48000000,1879.74000000,1821.21000000,1839.90000000,254213.05530000
1691020800000,1839.90000000,1859.12000000,1826.00000000,1835.81000000,171148.05200000
1691107200000,1835.81000000,1851.31000000,1815.74000000,1830.23000000,187699.45520000
1691193600000,1830.24000000,1839.00000000,1827.50000000,1836.48000000,93657.32550000
1691280000000,1836.48000000,1838.58000000,1825.86000000,1830.28000000,90403.99150000
1691366400000,1830.28000000,1847.00000000,1802.00000000,1829.10000000,224092.90590000
1691452800000,1829.10000000,1876.51000000,1826.33000000,1856.30000000,236336.03000000
1691539200000,1856.30000000,1871.99000000,1846.28000000,1855.35000000,191926.83430000
1691625600000,1855.36000000,1865.95000000,1845.38000000,1852.47000000,127321.45530000
1691712000000,1852.47000000,1857.26000000,1838.05000000,1848.84000000,113209.31030000
1691798400000,1848.84000000,1854.01000000,1846.08000000,1849.93000000,63292.64760000
1691884800000,1849.94000000,1862.00000000,1834.51000000,1840.73000000,120674.13640000
1691971200000,1840.73000000,1856.50000000,1835.00000000,1845.50000000,150196.12030000
1692057600000,1845.50000000,1847.36000000,1814.00000000,1828.98000000,186081.69890000
1692144000000,1828.98000000,1831.52000000,1798.17000000,1807.81000000,205430.73680000
1692230400000,1807.81000000,1809.99000000,1550.00000000,1681.49000000,812138.21590000
1692316800000,1681.49000000,1699.40000000,1641.02000000,1661.59000000,538083.10180000
1692403200000,1661.60000000,1696.72000000,1654.31000000,1669.67000000,231919.04850000
1692489600000,1669.68000000,1694.75000000,1662.03000000,1685.24000000,195623.52630000
1692576000000,1685.23000000,1688.59000000,1649.40000000,1667.55000000,250835.15180000
1692662400000,1667.56000000,1669.38000000,1580.00000000,1634.99000000,402012.04500000
1692748800000,1635.00000000,1702.11000000,1629.05000000,1679.61000000,374761.10880000
1692835200000,1679.61000000,1683.37000000,1635.28000000,1661.16000000,231539.78050000
1692921600000,1661.16000000,1677.22000000,1635.51000000,1653.80000000,236261.68980000
1693008000000,1653.79000000,1655.59000000,1644.00000000,1647.04000000,79175.42500000
1693094400000,1647.03000000,1660.24000000,1646.32000000,1658.33000000,87789.91960000
1693180800000,1658.33000000,1664.34000000,1621.75000000,1653.08000000,214351.01430000
1693267200000,1653.08000000,1745.84000000,1640.00000000,1729.42000000,494371.08230000
1693353600000,1729.41000000,1730.93000000,1694.34000000,1705.23000000,202841.44020000
1693440000000,1705.23000000,1729.00000000,1630.00000000,1645.76000000,330518.26680000
1693526400000,1645.77000000,1654.53000000,1602.33000000,1629.12000000,302406.16860000
1693612800000,1629.13000000,1645.00000000,1628.03000000,1637.03000000,102145.94760000
1693699200000,1637.02000000,1647.50000000,1625.14000000,1635.84000000,116767.28620000
1693785600000,1635.84000000,1644.82000000,1616.32000000,1630.51000000,168010.90560000
1693872000000,1630.52000000,1648.02000000,1609.69000000,1634.45000000,204365.49070000
1693958400000,1634.46000000,1670.00000000,1609.20000000,1633.15000000,219541.01930000
1694044800000,1633.15000000,1660.00000000,1623.40000000,1648.11000000,228558.27820000
1694131200000,1648.11000000,1658.93000000,1616.21000000,1636.44000000,221570.04580000
1694217600000,1636.43000000,1637.52000000,1629.74000000,1635.54000000,58519.62290000
1694304000000,1635.53000000,1635.70000000,1600.00000000,1617.42000000,207957.84280000
1694390400000,1617.42000000,1619.00000000,1531.01000000,1551.85000000,417424.81890000
1694476800000,1551.84000000,1626.00000000,1549.67000000,1592.97000000,329739.96850000
1694563200000,1592.97000000,1619.30000000,1581.88000000,1607.62000000,223409.28890000
1694649600000,1607.61000000,1644.29000000,1607.05000000,1626.47000000,275301.15050000
1694736000000,1626.48000000,1654.08000000,1611.42000000,1641.29000000,181340.02400000
1694822400000,1641.30000000,1653.17000000,1631.31000000,1634.40000000,99555.46710000
1694908800000,1634.40000000,1635.00000000,1612.00000000,1622.48000000,120227.41170000
1694995200000,1622.48000000,1669.50000000,1603.88000000,1636.66000000,279041.69780000
1695081600000,1636.66000000,1661.04000000,1626.32000000,1643.12000000,184282.42580000
1695168000000,1643.13000000,1649.34000000,1604.51000000,1622.26000000,232844.23470000
1695254400000,1622.27000000,1625.30000000,1567.77000000,1583.94000000,240627.54400000
1695340800000,1583.94000000,1602.68000000,1576.58000000,1593.08000000,124886.09100000
1695427200000,1593.07000000,1598.24000000,1587.45000000,1593.86000000,64537.13410000
1695513600000,1593.85000000,1601.12000000,1570.01000000,1580.71000000,137517.85330000
1695600000000,1580.71000000,1597.50000000,1563.01000000,1588.33000000,176706.92770000
1695686400000,1588.34000000,1599.78000000,1580.05000000,1594.01000000,125583.01610000
1695772800000,1594.02000000,1634.10000000,1583.50000000,1598.64000000,274404.43280000
1695859200000,1598.63000000,1668.21000000,1598.14000000,1652.99000000,331409.70150000
1695945600000,1653.00000000,1688.00000000,1648.37000000,1667.45000000,251975.67280000
1696032000000,1667.45000000,1694.32000000,1666.19000000,1670.89000000,136924.91410000
1696118400000,1670.89000000,1751.00000000,1668.00000000,1733.79000000,225611.58680000
1696204800000,1733.80000000,1744.00000000,1636.79000000,1662.40000000,378575.68980000
1696291200000,1662.41000000,1670.65000000,1643.00000000,1656.88000000,198287.11640000
1696377600000,1656.88000000,1657.66000000,1625.00000000,1646.58000000,222861.71670000
1696464000000,1646.58000000,1655.47000000,1606.73000000,1611.79000000,237378.74490000
1696550400000,1611.79000000,1662.00000000,1611.68000000,1645.03000000,220507.92860000
1696636800000,1645.03000000,1647.71000000,1630.03000000,1633.57000000,101241.57320000
1696723200000,1633.56000000,1641.40000000,1616.17000000,1632.84000000,149424.66350000
1696809600000,1632.85000000,1636.00000000,1546.00000000,1580.13000000,340141.09880000
1696896000000,1580.13000000,1594.90000000,1550.55000000,1567.63000000,240659.32870000
1696982400000,1567.62000000,1578.43000000,1544.26000000,1566.87000000,260253.96710000
1697068800000,1566.86000000,1568.56000000,1521.00000000,1539.61000000,237221.49770000
1697155200000,1539.61000000,1575.36000000,1537.76000000,1552.16000000,192205.87360000
1697241600000,1552.16000000,1561.72000000,1544.55000000,1554.94000000,100314.67540000
1697328000000,1554.94000000,1567.62000000,1547.44000000,1557.77000000,120311.27380000
1697414400000,1557.78000000,1639.43000000,1555.06000000,1599.42000000,418510.86440000
1697500800000,1599.41000000,1600.53000000,1551.08000000,1565.01000000,234817.06990000
1697587200000,1565.01000000,1585.42000000,1555.88000000,1563.44000000,177750.22530000
1697673600000,1563.45000000,1574.45000000,1541.61000000,1566.57000000,216217.66750000
1697760000000,1566.57000000,1630.40000000,1561.19000000,1603.89000000,315995.79200000
1697846400000,1603.88000000,1644.53000000,1592.36000000,1628.94000000,176419.40920000
1697932800000,1628.94000000,1667.80000000,1621.10000000,1663.70000000,228650.92250000
1698019200000,1663.69000000,1800.00000000,1657.07000000,1765.46000000,610931.96630000
1698105600000,1765.47000000,1854.38000000,1756.21000000,1784.98000000,674055.13750000
1698192000000,1784.98000000,1817.69000000,1760.00000000,1787.15000000,354410.82940000
1698278400000,1787.15000000,1865.54000000,1762.21000000,1803.38000000,431169.04530000
1698364800000,1803.39000000,1803.91000000,1744.66000000,1779.40000000,274532.69210000
1698451200000,1779.41000000,1803.23000000,1770.00000000,1776.20000000,122919.73820000
1698537600000,1776.21000000,1811.30000000,1762.66000000,1795.14000000,144110.65080000
1698624000000,1795.14000000,1829.84000000,1777.77000000,1809.04000000,277686.19200000
1698710400000,1809.03000000,1819.41000000,1780.99000000,1814.67000000,258074.57960000
1698796800000,1814.67000000,1857.66000000,1783.19000000,1846.99000000,471921.61840000
1698883200000,1846.99000000,1875.00000000,1785.01000000,1800.80000000,368738.21930000
1698969600000,1800.79000000,1834.58000000,1777.11000000,1832.71000000,315000.26780000
1699056000000,1832.70000000,1869.90000000,1824.03000000,1855.54000000,171538.03640000
1699142400000,1855.54000000,1912.67000000,1846.11000000,1891.71000000,383106.76280000
1699228800000,1891.71000000,1914.23000000,1868.48000000,1900.95000000,328746.23940000
1699315200000,1900.95000000,1906.99000000,1850.32000000,1885.27000000,332419.44060000
1699401600000,1885.26000000,1904.69000000,1872.51000000,1888.12000000,247881.09970000
1699488000000,1888.11000000,2132.00000000,1882.07000000,2121.32000000,1100330.32370000
1699574400000,2121.33000000,2136.99000000,2064.61000000,2077.72000000,555573.64950000
1699660800000,2077.72000000,2089.60000000,2030.30000000,2053.17000000,370966.03720000
1699747200000,2053.16000000,2066.50000000,2012.10000000,2044.68000000,281907.55900000
1699833600000,2044.69000000,2118.00000000,2028.49000000,2053.65000000,529143.58150000
1699920000000,2053.65000000,2064.96000000,1936.60000000,1979.39000000,481909.73300000
1700006400000,1979.40000000,2062.40000000,1967.01000000,2058.48000000,421870.80320000
1700092800000,2058.49000000,2090.40000000,1939.10000000,1961.77000000,545286.12970000
1700179200000,1961.77000000,1991.50000000,1904.00000000,1960.82000000,401100.50690000
1700265600000,1960.82000000,1971.22000000,1916.00000000,1962.60000000,279368.22080000
1700352000000,1962.59000000,2015.75000000,1942.89000000,2011.47000000,251132.61920000
1700438400000,2011.47000000,2066.40000000,1990.00000000,2021.40000000,421717.67900000
1700524800000,2021.41000000,2034.60000000,1931.43000000,1933.01000000,490163.98630000
1700611200000,1933.01000000,2092.46000000,1928.41000000,2063.21000000,466120.51090000
1700697600000,2063.22000000,2088.94000000,2040.35000000,2062.20000000,250960.69580000
1700784000000,2062.21000000,2133.02000000,2059.37000000,2080.84000000,426932.54020000
1700870400000,2080.84000000,2090.54000000,2065.30000000,2083.09000000,138847.39300000
1700956800000,2083.10000000,2094.99000000,2036.42000000,2062.33000000,241262.91360000
1701043200000,2062.34000000,2071.24000000,1985.78000000,2027.50000000,326073.22980000
1701129600000,2027.50000000,2075.00000000,1995.15000000,2048.14000000,283775.92790000
1701216000000,2048.14000000,2075.70000000,2019.31000000,2028.81000000,254843.73190000
1701302400000,2028.80000000,2054.75000000,2020.85000000,2051.96000000,243680.09210000
1701388800000,2051.95000000,2110.87000000,2045.04000000,2087.24000000,372645.58600000
1701475200000,2087.24000000,2186.60000000,2086.25000000,2164.74000000,320979.97680000
1701561600000,2164.75000000,2217.27000000,2149.00000000,2192.95000000,257879.11360000
1701648000000,2192.96000000,2274.28000000,2191.00000000,2243.37000000,565307.71340000
1701734400000,2243.36000000,2309.72000000,2188.33000000,2293.33000000,529829.72140000
1701820800000,2293.33000000,2312.23000000,2220.00000000,2232.70000000,408338.90560000
1701907200000,2232.70000000,2382.80000000,2222.00000000,2355.73000000,485190.06090000
1701993600000,2355.74000000,2392.00000000,2336.34000000,2358.72000000,378569.81260000
1702080000000,2358.71000000,2403.00000000,2328.01000000,2340.49000000,287771.06640000
1702166400000,2340.48000000,2377.47000000,2320.00000000,2352.39000000,200037.21020000
1702252800000,2352.39000000,2355.00000000,2156.62000000,2225.12000000,640414.91660000
1702339200000,2225.11000000,2244.12000000,2166.00000000,2203.46000000,361588.90870000
1702425600000,2203.47000000,2284.02000000,2144.32000000,2260.16000000,418916.61540000
1702512000000,2260.16000000,2332.11000000,2228.20000000,2315.32000000,409508.09310000
1702598400000,2315.32000000,2317.81000000,2200.00000000,2220.50000000,333552.63280000
1702684800000,2220.51000000,2263.40000000,2210.00000000,2228.96000000,199285.92300000
1702771200000,2228.96000000,2248.68000000,2191.50000000,2196.52000000,225925.76750000
1702857600000,2196.53000000,2224.00000000,2116.60000000,2219.43000000,364103.11810000
1702944000000,2219.44000000,2255.00000000,2135.55000000,2177.91000000,383551.40490000
1703030400000,2177.90000000,2266.00000000,2156.00000000,2202.17000000,416841.62720000
1703116800000,2202.17000000,2279.31000000,2182.98000000,2239.61000000,453069.72520000
1703203200000,2239.60000000,2343.15000000,2230.59000000,2324.54000000,591357.48800000
1703289600000,2324.54000000,2330.65000000,2265.00000000,2308.20000000,255626.93520000
1703376000000,2308.20000000,2326.19000000,2245.00000000,2264.05000000,307951.07600000
1703462400000,2264.04000000,2304.80000000,2253.10000000,2271.35000000,286277.16160000
1703548800000,2271.36000000,2274.99000000,2178.45000000,2230.88000000,410413.15910000
1703635200000,2230.88000000,2392.44000000,2211.88000000,2378.35000000,541537.35740000
1703721600000,2378.35000000,2445.80000000,2335.00000000,2344.15000000,580459.98200000
1703808000000,2344.15000000,2385.41000000,2255.34000000,2299.20000000,450201.20690000
1703894400000,2299.20000000,2322.84000000,2268.00000000,2291.68000000,210539.13270000
